degree,n_edges,poa,theoretical_bound
1,4,1.005046091955171,1.3333333333333333
1,4,1.0005303545470148,1.3333333333333333
1,2,1.0,1.3333333333333333
1,6,1.0314157655518659,1.3333333333333333
1,7,1.0043780040482864,1.3333333333333333
1,4,1.0,1.3333333333333333
1,4,1.0874588748811334,1.3333333333333333
1,1,1.0,1.3333333333333333
1,7,1.0098690558449925,1.3333333333333333
1,1,1.0,1.3333333333333333
1,10,1.03329561963111,1.3333333333333333
1,2,1.0412623956200602,1.3333333333333333
1,16,1.0487326656652027,1.3333333333333333
1,7,1.0076178243602065,1.3333333333333333
1,7,1.022738898961901,1.3333333333333333
1,8,1.0502783048397526,1.3333333333333333
1,9,1.0003756839223836,1.3333333333333333
1,9,1.0004699319165862,1.3333333333333333
1,3,1.002700535682346,1.3333333333333333
1,1,1.0,1.3333333333333333
1,5,1.0160589305265144,1.3333333333333333
1,1,1.0,1.3333333333333333
1,9,0.9999999999999992,1.3333333333333333
1,9,1.0281269872905343,1.3333333333333333
1,4,1.0,1.3333333333333333
1,4,1.0000000000000002,1.3333333333333333
1,3,1.0,1.3333333333333333
1,7,1.0195981823332734,1.3333333333333333
1,1,1.0,1.3333333333333333
1,3,1.0359275074203325,1.3333333333333333
1,3,1.0,1.3333333333333333
1,3,1.0,1.3333333333333333
1,6,1.0266389342381825,1.3333333333333333
1,1,1.0,1.3333333333333333
1,1,1.0,1.3333333333333333
1,10,0.9999999999999988,1.3333333333333333
1,3,1.0424814113471583,1.3333333333333333
1,6,1.0027754555090072,1.3333333333333333
1,11,1.0048671313919075,1.3333333333333333
1,2,1.0,1.3333333333333333
1,8,1.0443891442038011,1.3333333333333333
1,8,1.00026245589916,1.3333333333333333
1,4,1.0000000000000004,1.3333333333333333
1,6,1.0054550284936385,1.3333333333333333
1,10,1.006823363071468,1.3333333333333333
1,1,1.0,1.3333333333333333
1,9,1.0223725478968582,1.3333333333333333
1,1,1.0,1.3333333333333333
1,1,1.0,1.3333333333333333
1,5,1.0055769352555848,1.3333333333333333
1,3,1.01360800430753,1.3333333333333333
1,4,1.0546333120940465,1.3333333333333333
1,3,1.0,1.3333333333333333
1,2,1.0,1.3333333333333333
1,6,1.0403211327664146,1.3333333333333333
1,2,1.0,1.3333333333333333
1,6,1.0000972273284618,1.3333333333333333
1,8,1.099470881532618,1.3333333333333333
1,10,1.0571572780502172,1.3333333333333333
1,12,1.009943992932539,1.3333333333333333
1,6,1.0071761375812212,1.3333333333333333
1,1,1.0,1.3333333333333333
1,1,1.0,1.3333333333333333
1,1,1.0,1.3333333333333333
1,5,1.0875076034269622,1.3333333333333333
1,3,1.0014872629355138,1.3333333333333333
1,1,1.0,1.3333333333333333
1,6,1.0021341113604918,1.3333333333333333
1,1,1.0,1.3333333333333333
1,2,1.0000018890994629,1.3333333333333333
1,9,1.000195897882417,1.3333333333333333
1,1,1.0,1.3333333333333333
1,12,1.0587152880477613,1.3333333333333333
1,6,1.0048317467590835,1.3333333333333333
1,8,1.053061136185582,1.3333333333333333
1,5,1.0,1.3333333333333333
1,1,1.0,1.3333333333333333
1,4,1.106955327477328,1.3333333333333333
1,1,1.0,1.3333333333333333
1,2,1.0,1.3333333333333333
1,3,1.0420369337372757,1.3333333333333333
1,1,1.0,1.3333333333333333
1,1,1.0,1.3333333333333333
1,1,1.0,1.3333333333333333
1,6,1.0389223403877534,1.3333333333333333
1,12,1.0090746548919818,1.3333333333333333
1,14,1.0036320898495021,1.3333333333333333
1,3,1.0,1.3333333333333333
1,2,1.117170065593602,1.3333333333333333
1,10,1.013191274741235,1.3333333333333333
1,1,1.0,1.3333333333333333
1,8,1.05394289422527,1.3333333333333333
1,6,1.0567212975736229,1.3333333333333333
1,5,1.0267682769964834,1.3333333333333333
1,2,1.0,1.3333333333333333
1,8,1.0362295891905364,1.3333333333333333
1,1,1.0,1.3333333333333333
1,4,1.0,1.3333333333333333
1,9,1.0741025434010496,1.3333333333333333
1,11,1.017942012920286,1.3333333333333333
1,6,1.003035315075409,1.3333333333333333
1,2,1.073662925641185,1.3333333333333333
1,8,1.0213948610689814,1.3333333333333333
1,1,1.0,1.3333333333333333
1,1,1.0,1.3333333333333333
1,11,1.0442562614345086,1.3333333333333333
1,6,1.0,1.3333333333333333
1,8,1.0053047795549082,1.3333333333333333
1,1,1.0,1.3333333333333333
1,1,1.0,1.3333333333333333
1,6,1.000000000000002,1.3333333333333333
1,6,1.0032034048499978,1.3333333333333333
1,7,1.0002212851194334,1.3333333333333333
1,10,1.0,1.3333333333333333
1,10,1.0236218299905084,1.3333333333333333
1,2,1.0,1.3333333333333333
1,1,1.0,1.3333333333333333
1,9,1.0061105921814253,1.3333333333333333
1,11,1.010049014116595,1.3333333333333333
1,6,1.0,1.3333333333333333
1,8,1.0272640812085594,1.3333333333333333
1,1,1.0,1.3333333333333333
1,7,1.0,1.3333333333333333
1,1,1.0,1.3333333333333333
1,10,1.0000000000000084,1.3333333333333333
1,9,1.183556375877759,1.3333333333333333
1,1,1.0,1.3333333333333333
1,1,1.0,1.3333333333333333
1,2,1.0668777348762293,1.3333333333333333
1,1,1.0,1.3333333333333333
1,11,1.0116068980066297,1.3333333333333333
1,1,1.0,1.3333333333333333
1,2,1.0,1.3333333333333333
1,11,1.0189184607280328,1.3333333333333333
1,5,1.014005731648278,1.3333333333333333
1,1,1.0,1.3333333333333333
1,1,1.0,1.3333333333333333
1,6,1.0,1.3333333333333333
1,1,1.0,1.3333333333333333
1,12,1.0,1.3333333333333333
1,5,1.009490205203549,1.3333333333333333
1,9,1.0000421658110432,1.3333333333333333
1,5,1.009874697808805,1.3333333333333333
1,5,1.0180273025932975,1.3333333333333333
1,1,1.0,1.3333333333333333
1,8,1.080044197094012,1.3333333333333333
1,15,1.001907763310081,1.3333333333333333
1,7,1.0424256083298764,1.3333333333333333
1,1,1.0,1.3333333333333333
1,9,1.0235056428293046,1.3333333333333333
1,3,1.0,1.3333333333333333
1,3,1.0,1.3333333333333333
1,5,1.1179810432347603,1.3333333333333333
1,14,1.0436070836064817,1.3333333333333333
1,1,1.0,1.3333333333333333
1,1,1.0,1.3333333333333333
1,7,1.01090844545691,1.3333333333333333
1,12,1.0030250501978772,1.3333333333333333
1,7,1.000000000000005,1.3333333333333333
1,1,1.0,1.3333333333333333
1,1,1.0,1.3333333333333333
1,1,1.0,1.3333333333333333
1,4,1.1138220348953194,1.3333333333333333
1,8,1.0000000000000002,1.3333333333333333
1,9,1.0284795657564505,1.3333333333333333
1,2,1.076173327235311,1.3333333333333333
1,4,1.0,1.3333333333333333
1,9,1.044578457530214,1.3333333333333333
1,2,1.0,1.3333333333333333
1,4,1.0002712550528632,1.3333333333333333
1,1,1.0,1.3333333333333333
1,11,1.0000000000000238,1.3333333333333333
1,6,1.0260397429461994,1.3333333333333333
1,4,1.0159443073451737,1.3333333333333333
1,5,1.2003518680199172,1.3333333333333333
1,2,1.0,1.3333333333333333
1,8,1.1002440522590273,1.3333333333333333
1,8,1.0117251485930001,1.3333333333333333
1,2,1.0,1.3333333333333333
1,5,1.0079972183555022,1.3333333333333333
1,1,1.0,1.3333333333333333
1,8,1.0600596471741652,1.3333333333333333
1,8,1.0,1.3333333333333333
1,3,1.0,1.3333333333333333
1,4,1.0001480311365687,1.3333333333333333
1,3,1.0064231580780747,1.3333333333333333
1,7,1.0585646343120578,1.3333333333333333
1,16,1.0248483468035332,1.3333333333333333
1,4,1.0,1.3333333333333333
1,5,1.0235372088834411,1.3333333333333333
1,13,1.0058788805566408,1.3333333333333333
1,11,1.0001602205625233,1.3333333333333333
1,9,1.0000000000000075,1.3333333333333333
1,5,1.0,1.3333333333333333
1,6,1.0000000000000007,1.3333333333333333
1,3,1.049031526066688,1.3333333333333333
1,2,1.0,1.3333333333333333
1,4,1.0030420281382888,1.3333333333333333
1,2,1.0246382605122994,1.3333333333333333
1,1,1.0,1.3333333333333333
1,3,1.0225340584440439,1.3333333333333333
1,5,1.0,1.3333333333333333
1,1,1.0,1.3333333333333333
1,12,1.0017836643412867,1.3333333333333333
1,14,1.0,1.3333333333333333
1,4,1.0369301756932419,1.3333333333333333
1,13,1.0000000000000289,1.3333333333333333
1,4,1.0174904572462795,1.3333333333333333
1,9,1.0697748488456083,1.3333333333333333
1,8,1.0169986188345244,1.3333333333333333
1,1,1.0,1.3333333333333333
1,8,1.0413333875669872,1.3333333333333333
1,5,1.0443921262554892,1.3333333333333333
1,2,1.0121640276012107,1.3333333333333333
1,4,1.0,1.3333333333333333
1,1,1.0,1.3333333333333333
1,5,1.0017779810317036,1.3333333333333333
1,1,1.0,1.3333333333333333
1,2,1.0559535835373874,1.3333333333333333
1,9,1.0539513809944518,1.3333333333333333
1,4,1.0000000000000009,1.3333333333333333
1,1,1.0,1.3333333333333333
1,11,1.0,1.3333333333333333
1,1,1.0,1.3333333333333333
1,16,1.1323291961575157,1.3333333333333333
1,2,1.0,1.3333333333333333
1,5,1.0001000371066813,1.3333333333333333
1,9,1.0,1.3333333333333333
1,3,1.0001985040151828,1.3333333333333333
1,1,1.0,1.3333333333333333
1,3,1.0,1.3333333333333333
1,1,1.0,1.3333333333333333
1,5,1.120411529702598,1.3333333333333333
1,1,1.0,1.3333333333333333
1,6,1.0,1.3333333333333333
1,1,1.0,1.3333333333333333
1,7,1.1012932141063467,1.3333333333333333
1,17,1.060726930610264,1.3333333333333333
1,1,1.0,1.3333333333333333
1,3,1.0,1.3333333333333333
1,5,1.0017234484132962,1.3333333333333333
1,6,1.2382079646376491,1.3333333333333333
1,2,1.0,1.3333333333333333
1,2,1.0000000000000002,1.3333333333333333
1,5,1.0519571806433181,1.3333333333333333
1,4,1.0130616702589952,1.3333333333333333
1,11,1.0008561675845473,1.3333333333333333
1,4,1.0739943581166502,1.3333333333333333
1,11,1.0159061028100893,1.3333333333333333
1,7,1.0781550008833716,1.3333333333333333
1,12,1.0412187271617792,1.3333333333333333
1,3,1.0,1.3333333333333333
1,4,1.0001391690944978,1.3333333333333333
1,7,1.0014519831724422,1.3333333333333333
1,15,1.000000000000003,1.3333333333333333
1,11,1.0403959828416225,1.3333333333333333
1,1,1.0,1.3333333333333333
1,3,1.002667747314126,1.3333333333333333
1,4,0.9999999999999998,1.3333333333333333
1,6,1.006143620917004,1.3333333333333333
1,2,1.0218853919785542,1.3333333333333333
1,5,1.0390288016534002,1.3333333333333333
1,4,1.0152683736593946,1.3333333333333333
1,11,1.0161321189048074,1.3333333333333333
1,5,1.0,1.3333333333333333
1,10,1.0071054826738421,1.3333333333333333
1,6,1.0908010277163915,1.3333333333333333
1,2,1.0,1.3333333333333333
1,5,1.0,1.3333333333333333
1,2,1.0,1.3333333333333333
1,1,1.0,1.3333333333333333
1,1,1.0,1.3333333333333333
1,11,1.0051439197220524,1.3333333333333333
1,7,1.070398947347456,1.3333333333333333
1,1,1.0,1.3333333333333333
1,6,1.1541871743887229,1.3333333333333333
1,1,1.0,1.3333333333333333
1,7,1.0937021461521046,1.3333333333333333
1,1,1.0,1.3333333333333333
1,4,1.0,1.3333333333333333
1,9,1.127643474824311,1.3333333333333333
1,5,1.00583704576437,1.3333333333333333
1,4,1.0,1.3333333333333333
1,3,1.0001322800474481,1.3333333333333333
1,1,1.0,1.3333333333333333
1,1,1.0,1.3333333333333333
1,1,1.0,1.3333333333333333
1,8,1.0,1.3333333333333333
1,5,1.0408355710046684,1.3333333333333333
1,1,1.0,1.3333333333333333
1,2,1.0,1.3333333333333333
1,1,1.0,1.3333333333333333
1,1,1.0,1.3333333333333333
1,1,1.0,1.3333333333333333
1,1,1.0,1.3333333333333333
1,4,0.9999999999999998,1.3333333333333333
1,1,1.0,1.3333333333333333
1,11,1.0375323361641409,1.3333333333333333
1,3,0.9999999999999796,1.3333333333333333
1,2,1.0,1.3333333333333333
2,2,1.1169891715700189,1.6257523845831854
2,1,1.0,1.6257523845831854
2,9,1.044137327390164,1.6257523845831854
2,4,1.049856064668632,1.6257523845831854
2,1,1.0,1.6257523845831854
2,4,1.1596850427262566,1.6257523845831854
2,1,1.0,1.6257523845831854
2,1,1.0,1.6257523845831854
2,9,1.0234597689883806,1.6257523845831854
2,9,1.0043213049614457,1.6257523845831854
2,7,1.2463545851685258,1.6257523845831854
2,1,1.0,1.6257523845831854
2,3,1.0,1.6257523845831854
2,5,1.0348986185432287,1.6257523845831854
2,6,1.016011555449039,1.6257523845831854
2,1,1.0,1.6257523845831854
2,1,1.0,1.6257523845831854
2,3,1.0003583581688,1.6257523845831854
2,9,1.0123590990111817,1.6257523845831854
2,1,1.0,1.6257523845831854
2,1,1.0,1.6257523845831854
2,6,1.0209200508716625,1.6257523845831854
2,1,1.0,1.6257523845831854
2,1,1.0,1.6257523845831854
2,1,1.0,1.6257523845831854
2,8,1.2697904009558876,1.6257523845831854
2,5,1.0254490785937345,1.6257523845831854
2,1,1.0,1.6257523845831854
2,1,1.0,1.6257523845831854
2,3,1.109079263996791,1.6257523845831854
2,5,1.0621771466756929,1.6257523845831854
2,7,1.1319764978466347,1.6257523845831854
2,4,1.1425598086833606,1.6257523845831854
2,1,1.0,1.6257523845831854
2,7,1.0549709446409317,1.6257523845831854
2,10,1.0029410065990703,1.6257523845831854
2,11,1.0164548403111113,1.6257523845831854
2,12,1.0009369916640702,1.6257523845831854
2,6,1.1011129493842466,1.6257523845831854
2,1,1.0,1.6257523845831854
2,1,1.0,1.6257523845831854
2,6,1.0065905282180567,1.6257523845831854
2,6,1.0018509001124765,1.6257523845831854
2,1,1.0,1.6257523845831854
2,4,1.1070321209610021,1.6257523845831854
2,11,1.1605300389735265,1.6257523845831854
2,3,1.0,1.6257523845831854
2,4,1.0197957900990957,1.6257523845831854
2,10,1.0026249902569915,1.6257523845831854
2,7,1.007752788623135,1.6257523845831854
2,3,1.0,1.6257523845831854
2,10,1.028589457857275,1.6257523845831854
2,3,1.0383398496345337,1.6257523845831854
2,3,1.0440951029010426,1.6257523845831854
2,15,1.0219762812434714,1.6257523845831854
2,9,1.0020455765902554,1.6257523845831854
2,1,1.0,1.6257523845831854
2,1,1.0,1.6257523845831854
2,15,1.065662113911386,1.6257523845831854
2,4,1.1789191158137462,1.6257523845831854
2,7,1.0012710590054597,1.6257523845831854
2,5,1.0000217618304368,1.6257523845831854
2,4,1.0224253090280202,1.6257523845831854
2,7,1.0,1.6257523845831854
2,9,0.9999999999999999,1.6257523845831854
2,3,1.0,1.6257523845831854
2,1,1.0,1.6257523845831854
2,6,1.010600427198398,1.6257523845831854
2,1,1.0,1.6257523845831854
2,5,1.1440751032511538,1.6257523845831854
2,9,1.0129254428644776,1.6257523845831854
2,11,1.0033164365432483,1.6257523845831854
2,5,1.0598864694749883,1.6257523845831854
2,3,1.1252112930343143,1.6257523845831854
2,1,1.0,1.6257523845831854
2,6,1.0794395480410532,1.6257523845831854
2,3,1.0,1.6257523845831854
2,5,1.0491185321867598,1.6257523845831854
2,8,1.0646896971175244,1.6257523845831854
2,6,1.0651112875811688,1.6257523845831854
2,1,1.0,1.6257523845831854
2,9,1.0089502613595778,1.6257523845831854
2,1,1.0,1.6257523845831854
2,10,1.0591785260018867,1.6257523845831854
2,1,1.0,1.6257523845831854
2,5,1.0232939972985529,1.6257523845831854
2,3,1.4840825656926582,1.6257523845831854
2,1,1.0,1.6257523845831854
2,15,1.0113703035549109,1.6257523845831854
2,3,1.0,1.6257523845831854
2,5,1.3165041847964865,1.6257523845831854
2,3,1.0,1.6257523845831854
2,1,1.0,1.6257523845831854
2,7,1.0920111022159698,1.6257523845831854
2,2,1.0026196166766193,1.6257523845831854
2,2,1.1552544086198024,1.6257523845831854
2,9,1.0735210306606868,1.6257523845831854
2,1,1.0,1.6257523845831854
2,7,1.082673416076989,1.6257523845831854
2,3,1.0,1.6257523845831854
2,8,1.0144462495031918,1.6257523845831854
2,9,1.0279247959735789,1.6257523845831854
2,8,1.0848738435074639,1.6257523845831854
2,5,1.0506243583517727,1.6257523845831854
2,13,1.1193636857333078,1.6257523845831854
2,3,1.0063689719668514,1.6257523845831854
2,1,1.0,1.6257523845831854
2,3,1.2446646633764549,1.6257523845831854
2,1,1.0,1.6257523845831854
2,1,1.0,1.6257523845831854
2,1,1.0,1.6257523845831854
2,1,1.0,1.6257523845831854
2,13,1.1221971478298252,1.6257523845831854
2,2,1.0,1.6257523845831854
2,1,1.0,1.6257523845831854
2,1,1.0,1.6257523845831854
2,2,1.0,1.6257523845831854
2,8,1.0026013909123719,1.6257523845831854
2,11,1.018572477078423,1.6257523845831854
2,4,1.1719539035002837,1.6257523845831854
2,8,1.0026098834830277,1.6257523845831854
2,5,1.1853031475254465,1.6257523845831854
2,9,1.0335239858224534,1.6257523845831854
2,9,1.1056599125265316,1.6257523845831854
2,1,1.0,1.6257523845831854
2,1,1.0,1.6257523845831854
2,10,1.0754681183767127,1.6257523845831854
2,3,1.0426915171334872,1.6257523845831854
2,1,1.0,1.6257523845831854
2,1,1.0,1.6257523845831854
2,2,1.0,1.6257523845831854
2,9,1.0177766378099893,1.6257523845831854
2,2,1.023074379487918,1.6257523845831854
2,3,1.044702566505893,1.6257523845831854
2,1,1.0,1.6257523845831854
2,4,1.0019303811752165,1.6257523845831854
2,6,1.0001481794097224,1.6257523845831854
2,6,1.0197268629509484,1.6257523845831854
2,1,1.0,1.6257523845831854
2,7,1.0515502918739177,1.6257523845831854
2,2,1.0,1.6257523845831854
2,1,1.0,1.6257523845831854
2,6,1.0923432022782111,1.6257523845831854
2,8,1.0509842939428713,1.6257523845831854
2,2,1.0,1.6257523845831854
2,1,1.0,1.6257523845831854
2,1,1.0,1.6257523845831854
2,7,1.0005496478630052,1.6257523845831854
2,3,1.02205055020692,1.6257523845831854
2,10,1.0097763069388273,1.6257523845831854
2,5,1.0279434332128061,1.6257523845831854
2,6,1.001472414444482,1.6257523845831854
2,3,1.0,1.6257523845831854
2,5,1.0,1.6257523845831854
2,3,1.0775326320326142,1.6257523845831854
2,2,1.0009152547987605,1.6257523845831854
2,2,1.0,1.6257523845831854
2,10,1.0503840102265016,1.6257523845831854
2,4,1.00562880935931,1.6257523845831854
2,12,1.0120198139056522,1.6257523845831854
2,7,1.0047542598864094,1.6257523845831854
2,8,1.1409786081824942,1.6257523845831854
2,12,1.031092867728484,1.6257523845831854
2,10,1.0059649774303443,1.6257523845831854
2,12,1.0043279508115899,1.6257523845831854
2,3,1.09518432534538,1.6257523845831854
2,3,1.0,1.6257523845831854
2,13,1.1853431355398445,1.6257523845831854
2,8,1.1125511596637594,1.6257523845831854
2,1,1.0,1.6257523845831854
2,5,1.0317326513277953,1.6257523845831854
2,2,1.0,1.6257523845831854
2,7,1.0640256754203847,1.6257523845831854
2,2,0.9999999999999989,1.6257523845831854
2,10,1.0263968673336914,1.6257523845831854
2,7,1.0081200149362812,1.6257523845831854
2,4,1.0071765606700291,1.6257523845831854
2,4,1.0145675915483585,1.6257523845831854
2,3,1.1017028802894087,1.6257523845831854
2,2,1.0,1.6257523845831854
2,4,1.001884059847659,1.6257523845831854
2,1,1.0,1.6257523845831854
2,10,1.016418290876374,1.6257523845831854
2,10,1.0242231846082748,1.6257523845831854
2,8,1.1457478116419944,1.6257523845831854
2,1,1.0,1.6257523845831854
2,6,1.0462682702211563,1.6257523845831854
2,1,1.0,1.6257523845831854
2,4,1.0382047725105692,1.6257523845831854
2,4,1.0336938700584577,1.6257523845831854
2,4,1.0002015266611477,1.6257523845831854
2,10,1.03743168973756,1.6257523845831854
2,3,1.0067676661950364,1.6257523845831854
2,1,1.0,1.6257523845831854
2,6,1.1177567749299988,1.6257523845831854
2,1,1.0,1.6257523845831854
2,4,1.103413158200048,1.6257523845831854
2,3,1.3263800171403541,1.6257523845831854
2,5,0.9999999999999994,1.6257523845831854
2,8,1.0384912249264728,1.6257523845831854
2,15,1.0019245752220318,1.6257523845831854
2,1,1.0,1.6257523845831854
2,1,1.0,1.6257523845831854
2,1,1.0,1.6257523845831854
2,6,1.0006926738701123,1.6257523845831854
2,9,1.0006044897320636,1.6257523845831854
2,7,1.00108182783692,1.6257523845831854
2,6,1.064632750943255,1.6257523845831854
2,4,1.0386814286519883,1.6257523845831854
2,1,1.0,1.6257523845831854
2,1,1.0,1.6257523845831854
2,1,1.0,1.6257523845831854
2,10,1.172032882950183,1.6257523845831854
2,7,1.013939704715241,1.6257523845831854
2,4,1.0494886593073838,1.6257523845831854
2,8,1.231598589483659,1.6257523845831854
2,2,1.3172748725900478,1.6257523845831854
2,5,1.008723385513056,1.6257523845831854
2,3,1.0083496574479731,1.6257523845831854
2,8,1.2679135163495554,1.6257523845831854
2,10,1.0061421212088741,1.6257523845831854
2,9,1.0216326582128035,1.6257523845831854
2,3,1.1221529516945468,1.6257523845831854
2,4,1.0219108696250105,1.6257523845831854
2,8,1.0065397888490684,1.6257523845831854
2,6,1.0048942371197116,1.6257523845831854
2,3,1.0000578312563992,1.6257523845831854
2,9,1.077971547114194,1.6257523845831854
2,1,1.0,1.6257523845831854
2,1,1.0,1.6257523845831854
2,8,1.005022295251682,1.6257523845831854
2,11,1.0817504757671599,1.6257523845831854
2,1,1.0,1.6257523845831854
2,2,1.0,1.6257523845831854
2,12,1.214231777517863,1.6257523845831854
2,2,1.09777362839938,1.6257523845831854
2,17,1.062728421284047,1.6257523845831854
2,4,1.0096529568764832,1.6257523845831854
2,3,1.0006536726248636,1.6257523845831854
2,9,1.1064496372369657,1.6257523845831854
2,1,1.0,1.6257523845831854
2,8,1.0042679955696114,1.6257523845831854
2,2,1.0,1.6257523845831854
2,3,1.0006382346049196,1.6257523845831854
2,2,1.0,1.6257523845831854
2,4,1.0325227364243554,1.6257523845831854
2,10,1.0113315576756998,1.6257523845831854
2,9,1.0257585049890896,1.6257523845831854
2,8,1.0856885574378867,1.6257523845831854
2,10,1.0292229705829827,1.6257523845831854
2,15,1.0282587966504093,1.6257523845831854
2,4,1.0646550450392724,1.6257523845831854
2,7,1.005630748110853,1.6257523845831854
2,3,1.0,1.6257523845831854
2,11,1.0093636275792244,1.6257523845831854
2,1,1.0,1.6257523845831854
2,1,1.0,1.6257523845831854
2,3,1.0,1.6257523845831854
2,1,1.0,1.6257523845831854
2,1,1.0,1.6257523845831854
2,1,1.0,1.6257523845831854
2,9,1.1285398643957407,1.6257523845831854
2,1,1.0,1.6257523845831854
2,1,1.0,1.6257523845831854
2,9,1.0035172678205762,1.6257523845831854
2,2,1.0293873846990587,1.6257523845831854
2,6,1.2299715373467308,1.6257523845831854
2,7,1.0698022653059764,1.6257523845831854
2,5,1.0000543214323165,1.6257523845831854
2,8,1.0027406899287947,1.6257523845831854
2,8,1.1247630443487915,1.6257523845831854
2,2,1.0,1.6257523845831854
2,2,1.0,1.6257523845831854
2,2,1.0,1.6257523845831854
2,9,1.0079533043721685,1.6257523845831854
2,17,1.0115354776772048,1.6257523845831854
2,3,1.025499023025826,1.6257523845831854
2,3,1.0703364976245409,1.6257523845831854
2,2,1.1622809485589314,1.6257523845831854
2,3,1.0,1.6257523845831854
2,1,1.0,1.6257523845831854
2,7,1.027117394869104,1.6257523845831854
2,1,1.0,1.6257523845831854
2,1,1.0,1.6257523845831854
2,1,1.0,1.6257523845831854
2,9,1.2182933974539054,1.6257523845831854
2,9,1.2377271860597097,1.6257523845831854
2,1,1.0,1.6257523845831854
2,4,1.0148802322289923,1.6257523845831854
2,1,1.0,1.6257523845831854
2,4,1.156698396929543,1.6257523845831854
2,1,1.0,1.6257523845831854
2,3,1.0876063507278697,1.6257523845831854
2,1,1.0,1.6257523845831854
2,13,1.0087445514544264,1.6257523845831854
2,7,1.0086244179236155,1.6257523845831854
2,6,1.1186180870873084,1.6257523845831854
2,4,1.070978315442073,1.6257523845831854
2,1,1.0,1.6257523845831854
2,2,1.0,1.6257523845831854
3,4,1.1006493736090537,1.8956282037587904
3,6,1.136553406584771,1.8956282037587904
3,7,1.0,1.8956282037587904
3,1,1.0,1.8956282037587904
3,5,1.0277195784372564,1.8956282037587904
3,2,1.0,1.8956282037587904
3,8,1.1613168925064659,1.8956282037587904
3,5,1.119144547133905,1.8956282037587904
3,6,1.2037282921532555,1.8956282037587904
3,15,1.2687820522060762,1.8956282037587904
3,3,1.0,1.8956282037587904
3,2,1.0,1.8956282037587904
3,3,1.0,1.8956282037587904
3,11,1.0044570387093585,1.8956282037587904
3,9,1.110964620114466,1.8956282037587904
3,10,1.0547392795192922,1.8956282037587904
3,5,1.0420309343385066,1.8956282037587904
3,2,1.0,1.8956282037587904
3,10,1.0192083180807445,1.8956282037587904
3,9,1.0,1.8956282037587904
3,1,1.0,1.8956282037587904
3,2,1.0,1.8956282037587904
3,1,1.0,1.8956282037587904
3,2,1.0,1.8956282037587904
3,7,1.1062315291365812,1.8956282037587904
3,1,1.0,1.8956282037587904
3,1,1.0,1.8956282037587904
3,3,1.0,1.8956282037587904
3,2,1.0,1.8956282037587904
3,7,1.0105536271023448,1.8956282037587904
3,4,1.0,1.8956282037587904
3,6,1.0146753724678104,1.8956282037587904
3,8,1.1756945519046083,1.8956282037587904
3,1,1.0,1.8956282037587904
3,2,1.0,1.8956282037587904
3,4,1.068682313060184,1.8956282037587904
3,4,1.0026439571898111,1.8956282037587904
3,12,1.0161874963712654,1.8956282037587904
3,3,1.026045420568881,1.8956282037587904
3,9,1.0052347467800802,1.8956282037587904
3,5,1.0,1.8956282037587904
3,1,1.0,1.8956282037587904
3,1,1.0,1.8956282037587904
3,13,1.067752852431686,1.8956282037587904
3,9,1.14167767270548,1.8956282037587904
3,6,1.005089001695302,1.8956282037587904
3,5,1.0589213764003143,1.8956282037587904
3,10,1.0007492031961664,1.8956282037587904
3,1,1.0,1.8956282037587904
3,1,1.0,1.8956282037587904
3,4,1.0034713776597683,1.8956282037587904
3,17,1.0216208938067655,1.8956282037587904
3,4,1.0002419425229074,1.8956282037587904
3,10,1.123011124184081,1.8956282037587904
3,3,1.0,1.8956282037587904
3,1,1.0,1.8956282037587904
3,9,1.011577445693992,1.8956282037587904
3,2,1.4502111333533731,1.8956282037587904
3,12,1.0191504326962166,1.8956282037587904
3,1,1.0,1.8956282037587904
3,1,1.0,1.8956282037587904
3,1,1.0,1.8956282037587904
3,7,1.04173916216008,1.8956282037587904
3,3,1.1802662902008463,1.8956282037587904
3,5,1.000016810022836,1.8956282037587904
3,1,1.0,1.8956282037587904
3,1,1.0,1.8956282037587904
3,4,1.000455357101748,1.8956282037587904
3,4,1.0001559276196883,1.8956282037587904
3,4,1.0,1.8956282037587904
3,13,1.0051864761427327,1.8956282037587904
3,3,1.0004246975446145,1.8956282037587904
3,1,1.0,1.8956282037587904
3,8,1.153236448649561,1.8956282037587904
3,5,1.0002696363209462,1.8956282037587904
3,5,1.0905048270807136,1.8956282037587904
3,10,1.0018146853519503,1.8956282037587904
3,4,1.0155212768688404,1.8956282037587904
3,10,1.0627535555914478,1.8956282037587904
3,16,1.1149231879286465,1.8956282037587904
3,6,1.0161428907351653,1.8956282037587904
3,9,1.1253397545769528,1.8956282037587904
3,3,1.0983649738828116,1.8956282037587904
3,6,1.001417087708203,1.8956282037587904
3,6,1.0202129163911435,1.8956282037587904
3,6,1.0001636536204628,1.8956282037587904
3,1,1.0,1.8956282037587904
3,1,1.0,1.8956282037587904
3,11,1.0052059333398955,1.8956282037587904
3,11,1.000741763572815,1.8956282037587904
3,10,1.0033198689541099,1.8956282037587904
3,4,1.0,1.8956282037587904
3,1,1.0,1.8956282037587904
3,12,1.0030238870333206,1.8956282037587904
3,4,1.1712580963595547,1.8956282037587904
3,9,1.0335609665481118,1.8956282037587904
3,8,1.0699499514767443,1.8956282037587904
3,8,1.0101311208871455,1.8956282037587904
3,4,1.1077715743710748,1.8956282037587904
3,7,1.006103589409621,1.8956282037587904
3,4,1.002210643907857,1.8956282037587904
3,5,1.0003193056203563,1.8956282037587904
3,7,1.1107510169903372,1.8956282037587904
3,12,1.22428050180095,1.8956282037587904
3,11,1.00715574676055,1.8956282037587904
3,6,1.0902857555910257,1.8956282037587904
3,6,1.0586191365016617,1.8956282037587904
3,11,1.0365970964189006,1.8956282037587904
3,10,1.0030883003868403,1.8956282037587904
3,1,1.0,1.8956282037587904
3,3,1.0471560714885435,1.8956282037587904
3,3,1.0001211764209976,1.8956282037587904
3,2,1.0,1.8956282037587904
3,1,1.0,1.8956282037587904
3,6,1.3030326256065408,1.8956282037587904
3,1,1.0,1.8956282037587904
3,3,1.1825991756176022,1.8956282037587904
3,1,1.0,1.8956282037587904
3,8,1.0119307915219184,1.8956282037587904
3,3,1.2185940481162447,1.8956282037587904
3,1,1.0,1.8956282037587904
3,12,1.451295708834238,1.8956282037587904
3,1,1.0,1.8956282037587904
3,1,1.0,1.8956282037587904
3,2,1.0,1.8956282037587904
3,8,1.113757777683571,1.8956282037587904
3,10,1.0096490143392851,1.8956282037587904
3,14,1.1134282607928456,1.8956282037587904
3,5,1.1056310970380938,1.8956282037587904
3,8,1.1148893534546698,1.8956282037587904
3,1,1.0,1.8956282037587904
3,8,1.0610576474993192,1.8956282037587904
3,5,1.0611091788071139,1.8956282037587904
3,1,1.0,1.8956282037587904
3,3,1.0,1.8956282037587904
3,8,1.2352751308352417,1.8956282037587904
3,1,1.0,1.8956282037587904
3,1,1.0,1.8956282037587904
3,1,1.0,1.8956282037587904
3,1,1.0,1.8956282037587904
3,6,1.03713088687096,1.8956282037587904
3,1,1.0,1.8956282037587904
3,9,1.12617803750219,1.8956282037587904
3,1,1.0,1.8956282037587904
3,5,1.0902364725950016,1.8956282037587904
3,10,1.0032132417510347,1.8956282037587904
3,3,1.014736667754284,1.8956282037587904
3,7,1.0075904269063636,1.8956282037587904
3,1,1.0,1.8956282037587904
3,3,1.013940379012869,1.8956282037587904
3,3,1.0050307406337076,1.8956282037587904
3,2,1.0,1.8956282037587904
3,9,1.2106925657165228,1.8956282037587904
3,7,1.0115871256523137,1.8956282037587904
3,1,1.0,1.8956282037587904
3,4,1.2288363046657311,1.8956282037587904
3,5,1.2756936628366367,1.8956282037587904
3,3,1.0707155221827316,1.8956282037587904
3,14,1.09905952362295,1.8956282037587904
3,5,1.011874749742074,1.8956282037587904
3,2,1.0734207753405332,1.8956282037587904
3,1,1.0,1.8956282037587904
3,1,1.0,1.8956282037587904
3,6,1.2097693121906425,1.8956282037587904
3,9,1.0001116035916515,1.8956282037587904
3,5,1.051640432146504,1.8956282037587904
3,11,1.0149457010173975,1.8956282037587904
3,9,1.0193611432421934,1.8956282037587904
3,11,1.316744238667287,1.8956282037587904
3,13,1.0214112433132658,1.8956282037587904
3,10,1.0025671423598987,1.8956282037587904
3,7,1.012133840251243,1.8956282037587904
3,1,1.0,1.8956282037587904
3,2,1.0,1.8956282037587904
3,1,1.0,1.8956282037587904
3,9,1.035748009828353,1.8956282037587904
3,7,1.1021199956395025,1.8956282037587904
3,1,1.0,1.8956282037587904
3,15,1.003810770127642,1.8956282037587904
3,9,1.0780198396278655,1.8956282037587904
3,3,1.0,1.8956282037587904
3,1,1.0,1.8956282037587904
3,1,1.0,1.8956282037587904
3,2,1.0,1.8956282037587904
3,5,1.004529517692513,1.8956282037587904
3,9,1.2211203092597196,1.8956282037587904
3,1,1.0,1.8956282037587904
3,1,1.0,1.8956282037587904
3,2,1.1493405078928494,1.8956282037587904
3,1,1.0,1.8956282037587904
3,8,1.0000245930646103,1.8956282037587904
3,1,1.0,1.8956282037587904
3,3,1.0176883511727126,1.8956282037587904
3,2,1.0,1.8956282037587904
3,7,1.054487446313653,1.8956282037587904
3,6,1.3109259469844314,1.8956282037587904
3,2,1.0,1.8956282037587904
3,10,1.0042321913188184,1.8956282037587904
3,1,1.0,1.8956282037587904
3,7,1.2351411319666008,1.8956282037587904
3,6,1.2157559859137934,1.8956282037587904
3,1,1.0,1.8956282037587904
3,4,1.0415375784769667,1.8956282037587904
3,3,1.0891516937101846,1.8956282037587904
3,11,1.0900278962625467,1.8956282037587904
3,7,1.0315274207337477,1.8956282037587904
3,7,1.3090199402348648,1.8956282037587904
3,4,1.0027924551232044,1.8956282037587904
3,6,1.0786667008794624,1.8956282037587904
3,3,1.1062606328352953,1.8956282037587904
3,3,1.0669109433943973,1.8956282037587904
3,9,1.025482554517082,1.8956282037587904
3,2,1.025619716929252,1.8956282037587904
3,3,1.0,1.8956282037587904
3,10,1.00361389683094,1.8956282037587904
3,2,1.1021336222374916,1.8956282037587904
3,1,1.0,1.8956282037587904
3,10,1.0000000000000002,1.8956282037587904
3,1,1.0,1.8956282037587904
3,4,1.0188994702064404,1.8956282037587904
3,12,1.2433346454415706,1.8956282037587904
3,6,1.238360575955552,1.8956282037587904
3,1,1.0,1.8956282037587904
3,1,1.0,1.8956282037587904
3,1,1.0,1.8956282037587904
3,1,1.0,1.8956282037587904
3,5,1.0875179404460065,1.8956282037587904
3,5,1.1575966914361884,1.8956282037587904
3,9,1.0652960702666727,1.8956282037587904
3,3,1.0444186216770601,1.8956282037587904
3,1,1.0,1.8956282037587904
3,1,1.0,1.8956282037587904
3,1,1.0,1.8956282037587904
3,4,1.0,1.8956282037587904
3,4,1.0655060869190707,1.8956282037587904
3,3,1.0044469934633864,1.8956282037587904
3,4,1.296535749573653,1.8956282037587904
3,7,1.1285539595037193,1.8956282037587904
3,12,1.013913697724593,1.8956282037587904
3,7,1.250877142630624,1.8956282037587904
3,1,1.0,1.8956282037587904
3,6,1.0683494068558528,1.8956282037587904
3,3,1.0004983472557307,1.8956282037587904
3,2,1.12264489124326,1.8956282037587904
3,1,1.0,1.8956282037587904
3,11,1.1461889458840167,1.8956282037587904
3,3,1.0018100791437774,1.8956282037587904
3,5,1.0056176405139554,1.8956282037587904
3,6,1.0747827815955764,1.8956282037587904
3,1,1.0,1.8956282037587904
3,1,1.0,1.8956282037587904
3,3,1.0,1.8956282037587904
3,1,1.0,1.8956282037587904
3,3,1.0176128612947608,1.8956282037587904
3,9,1.0024805656555211,1.8956282037587904
3,6,1.2565077646144092,1.8956282037587904
3,1,1.0,1.8956282037587904
3,2,1.0476457105555343,1.8956282037587904
3,1,1.0,1.8956282037587904
3,14,1.1640132835179655,1.8956282037587904
3,10,1.1570061192273045,1.8956282037587904
3,11,1.0707873557053318,1.8956282037587904
3,14,1.172740682652273,1.8956282037587904
3,2,1.0010088589286266,1.8956282037587904
3,8,1.0510385334356445,1.8956282037587904
3,4,1.3043101163684498,1.8956282037587904
3,2,1.0,1.8956282037587904
3,1,1.0,1.8956282037587904
3,6,1.0843109382182863,1.8956282037587904
3,2,1.0157693085229782,1.8956282037587904
3,5,1.1662652692619702,1.8956282037587904
3,1,1.0,1.8956282037587904
3,9,1.1316992116889626,1.8956282037587904
3,1,1.0,1.8956282037587904
3,1,1.0,1.8956282037587904
3,5,1.0260647804754892,1.8956282037587904
3,3,1.0542223531054975,1.8956282037587904
3,6,1.0038870619130662,1.8956282037587904
3,6,1.0424551650421103,1.8956282037587904
3,6,1.0150122511161224,1.8956282037587904
3,7,1.0166075046064111,1.8956282037587904
3,12,1.0215073136710422,1.8956282037587904
3,5,1.0837281591705816,1.8956282037587904
3,1,1.0,1.8956282037587904
3,5,1.1163847602695727,1.8956282037587904
3,3,1.0012853700768038,1.8956282037587904
3,6,1.1534002638100496,1.8956282037587904
3,1,1.0,1.8956282037587904
3,14,1.3084465775037333,1.8956282037587904
3,12,1.0292620086135507,1.8956282037587904
3,3,1.0,1.8956282037587904
3,7,1.0138309586794325,1.8956282037587904
3,7,1.0260453052873477,1.8956282037587904
3,1,1.0,1.8956282037587904
3,11,1.0289593519124767,1.8956282037587904
3,2,1.0,1.8956282037587904
3,5,1.1900900882311995,1.8956282037587904
3,8,1.0690353391224972,1.8956282037587904
3,4,1.1297235629892144,1.8956282037587904
3,1,1.0,1.8956282037587904
4,2,1.0,2.1505017648768776
4,1,1.0,2.1505017648768776
4,3,1.015606592234103,2.1505017648768776
4,1,1.0,2.1505017648768776
4,6,1.1120828728975802,2.1505017648768776
4,1,1.0,2.1505017648768776
4,2,1.2184851158985177,2.1505017648768776
4,14,1.0516847534820715,2.1505017648768776
4,3,1.0,2.1505017648768776
4,2,1.0,2.1505017648768776
4,5,1.0006106616550385,2.1505017648768776
4,2,1.209295652259181,2.1505017648768776
4,10,1.0436105098229282,2.1505017648768776
4,12,1.1424404214883535,2.1505017648768776
4,6,1.0225217962787365,2.1505017648768776
4,1,1.0,2.1505017648768776
4,13,1.0387225239856719,2.1505017648768776
4,1,1.0,2.1505017648768776
4,1,1.0,2.1505017648768776
4,1,1.0,2.1505017648768776
4,4,1.0,2.1505017648768776
4,4,1.0006253387028934,2.1505017648768776
4,6,1.0689358006033347,2.1505017648768776
4,1,1.0,2.1505017648768776
4,8,1.1526196341064545,2.1505017648768776
4,1,1.0,2.1505017648768776
4,15,1.1437987049305534,2.1505017648768776
4,10,1.245999172924129,2.1505017648768776
4,4,1.0021689636226365,2.1505017648768776
4,6,1.039325117834476,2.1505017648768776
4,5,1.1278056282842686,2.1505017648768776
4,7,1.0021111096312165,2.1505017648768776
4,1,1.0,2.1505017648768776
4,3,1.276402955244617,2.1505017648768776
4,1,1.0,2.1505017648768776
4,8,1.0213350592769461,2.1505017648768776
4,3,1.0770285609523822,2.1505017648768776
4,1,1.0,2.1505017648768776
4,2,1.3085059167496567,2.1505017648768776
4,11,1.3601070564509588,2.1505017648768776
4,1,1.0,2.1505017648768776
4,1,1.0,2.1505017648768776
4,1,1.0,2.1505017648768776
4,1,1.0,2.1505017648768776
4,5,1.008860505363203,2.1505017648768776
4,5,1.0463846977033624,2.1505017648768776
4,6,1.042242892306951,2.1505017648768776
4,10,1.0155549988197397,2.1505017648768776
4,1,1.0,2.1505017648768776
4,6,1.056405279190025,2.1505017648768776
4,12,1.0085699985726622,2.1505017648768776
4,1,1.0,2.1505017648768776
4,6,1.090527541518122,2.1505017648768776
4,1,1.0,2.1505017648768776
4,4,1.0,2.1505017648768776
4,7,1.1581487824355894,2.1505017648768776
4,4,1.011057962989649,2.1505017648768776
4,10,1.0159129879244317,2.1505017648768776
4,9,1.0296690760063025,2.1505017648768776
4,12,1.0592930463474732,2.1505017648768776
4,3,1.0,2.1505017648768776
4,1,1.0,2.1505017648768776
4,3,1.1025393402675694,2.1505017648768776
4,2,1.0,2.1505017648768776
4,2,1.0,2.1505017648768776
4,3,1.105169952123199,2.1505017648768776
4,1,1.0,2.1505017648768776
4,3,1.0002679574409985,2.1505017648768776
4,5,1.0329748735730193,2.1505017648768776
4,8,1.0418124892806013,2.1505017648768776
4,16,1.1607416221038795,2.1505017648768776
4,3,1.5890064120782472,2.1505017648768776
4,4,1.0070385701158593,2.1505017648768776
4,8,1.0005499740947879,2.1505017648768776
4,10,1.0039183598756212,2.1505017648768776
4,7,1.101013073450365,2.1505017648768776
4,4,1.035362519010015,2.1505017648768776
4,1,1.0,2.1505017648768776
4,9,1.136371857113697,2.1505017648768776
4,5,1.0354214700636926,2.1505017648768776
4,6,1.4306954308238253,2.1505017648768776
4,2,1.041312844128421,2.1505017648768776
4,1,1.0,2.1505017648768776
4,2,1.0113250945552545,2.1505017648768776
4,1,1.0,2.1505017648768776
4,3,1.0,2.1505017648768776
4,2,1.0064492625342663,2.1505017648768776
4,2,1.0,2.1505017648768776
4,8,1.034563128172446,2.1505017648768776
4,7,1.1946583351568965,2.1505017648768776
4,10,1.0974251814165537,2.1505017648768776
4,4,1.0013898466249584,2.1505017648768776
4,9,1.0765362149936937,2.1505017648768776
4,4,1.2105840839766278,2.1505017648768776
4,15,1.0484878903533181,2.1505017648768776
4,5,1.0064138266521943,2.1505017648768776
4,6,1.0625965300620899,2.1505017648768776
4,2,1.128559550570474,2.1505017648768776
4,12,1.3920523728626726,2.1505017648768776
4,1,1.0,2.1505017648768776
4,1,1.0,2.1505017648768776
4,3,1.0278827596936622,2.1505017648768776
4,2,1.0,2.1505017648768776
4,1,1.0,2.1505017648768776
4,3,1.1193854904065252,2.1505017648768776
4,6,1.3791000441818775,2.1505017648768776
4,5,1.2157203692703982,2.1505017648768776
4,5,1.0226120486520434,2.1505017648768776
4,1,1.0,2.1505017648768776
4,6,1.0665664508726977,2.1505017648768776
4,5,1.011217521097546,2.1505017648768776
4,1,1.0,2.1505017648768776
4,1,1.0,2.1505017648768776
4,3,1.0,2.1505017648768776
4,5,1.0000784456827558,2.1505017648768776
4,8,1.1618364968765154,2.1505017648768776
4,4,1.0234956783623588,2.1505017648768776
4,4,1.0059465267093977,2.1505017648768776
4,1,1.0,2.1505017648768776
4,1,1.0,2.1505017648768776
4,3,1.0,2.1505017648768776
4,6,1.030346747161428,2.1505017648768776
4,7,1.076119648859925,2.1505017648768776
4,1,1.0,2.1505017648768776
4,10,1.1465739643134538,2.1505017648768776
4,1,1.0,2.1505017648768776
4,4,1.1575598222407366,2.1505017648768776
4,9,1.0549665350820392,2.1505017648768776
4,1,1.0,2.1505017648768776
4,2,1.0,2.1505017648768776
4,6,1.1518385032957466,2.1505017648768776
4,6,1.3309193653183182,2.1505017648768776
4,1,1.0,2.1505017648768776
4,6,1.1348361720872073,2.1505017648768776
4,5,1.177047208984988,2.1505017648768776
4,1,1.0,2.1505017648768776
4,2,1.0,2.1505017648768776
4,16,1.575272160765143,2.1505017648768776
4,6,1.0001814979589896,2.1505017648768776
4,2,1.0203183107699696,2.1505017648768776
4,1,1.0,2.1505017648768776
4,1,1.0,2.1505017648768776
4,4,1.4387301918087385,2.1505017648768776
4,6,1.3021392637383946,2.1505017648768776
4,1,1.0,2.1505017648768776
4,6,1.1098347676147553,2.1505017648768776
4,2,1.0,2.1505017648768776
4,8,1.0222904730682454,2.1505017648768776
4,2,1.0,2.1505017648768776
4,6,1.022211318976935,2.1505017648768776
4,2,1.0,2.1505017648768776
4,1,1.0,2.1505017648768776
4,1,1.0,2.1505017648768776
4,7,1.0024697035740644,2.1505017648768776
4,1,1.0,2.1505017648768776
4,10,1.075742016413637,2.1505017648768776
4,4,1.4585253744964286,2.1505017648768776
4,6,1.1005801804800943,2.1505017648768776
4,8,1.1059146187509772,2.1505017648768776
4,1,1.0,2.1505017648768776
4,1,1.0,2.1505017648768776
4,9,1.0833568040600439,2.1505017648768776
4,2,1.0,2.1505017648768776
4,1,1.0,2.1505017648768776
4,2,1.2116074829721404,2.1505017648768776
4,1,1.0,2.1505017648768776
4,16,1.1540897560703434,2.1505017648768776
4,7,1.003495326748067,2.1505017648768776
4,4,1.0198326642799238,2.1505017648768776
4,1,1.0,2.1505017648768776
4,8,1.007598247798267,2.1505017648768776
4,15,1.0129839842804098,2.1505017648768776
4,20,1.1223125458663734,2.1505017648768776
4,6,1.087965501784296,2.1505017648768776
4,4,1.0016308345979665,2.1505017648768776
4,8,1.0426380032283011,2.1505017648768776
4,6,1.297097333410733,2.1505017648768776
4,5,1.0342517015158204,2.1505017648768776
4,1,1.0,2.1505017648768776
4,4,1.1218601654946605,2.1505017648768776
4,2,1.0,2.1505017648768776
4,13,1.1281350497305973,2.1505017648768776
4,6,1.0085290887386118,2.1505017648768776
4,10,1.1688060955617328,2.1505017648768776
4,1,1.0,2.1505017648768776
4,6,1.0574963642576625,2.1505017648768776
4,1,1.0,2.1505017648768776
4,2,1.0,2.1505017648768776
4,6,1.0360643730287105,2.1505017648768776
4,2,1.213362693584025,2.1505017648768776
4,3,1.0,2.1505017648768776
4,2,1.2554963355684736,2.1505017648768776
4,10,1.02013896539998,2.1505017648768776
4,4,1.0175630882771758,2.1505017648768776
4,1,1.0,2.1505017648768776
4,1,1.0,2.1505017648768776
4,6,1.253783723646399,2.1505017648768776
4,7,1.1400094993603929,2.1505017648768776
4,2,1.0,2.1505017648768776
4,4,1.1209207025879033,2.1505017648768776
4,6,1.048014593528914,2.1505017648768776
4,4,1.125828835752506,2.1505017648768776
4,10,1.2005788954691106,2.1505017648768776
4,1,1.0,2.1505017648768776
4,1,1.0,2.1505017648768776
4,11,1.0038051665482728,2.1505017648768776
4,5,1.102588771885665,2.1505017648768776
4,6,1.091804460287702,2.1505017648768776
4,11,1.0900686855435007,2.1505017648768776
4,4,1.031865085655653,2.1505017648768776
4,12,1.0211254937922303,2.1505017648768776
4,4,1.0297332246993411,2.1505017648768776
4,6,1.219694459705341,2.1505017648768776
4,3,1.0,2.1505017648768776
4,4,1.00145328301283,2.1505017648768776
4,8,1.092215557746644,2.1505017648768776
4,6,1.0089636592961517,2.1505017648768776
4,11,1.0106746954609132,2.1505017648768776
4,1,1.0,2.1505017648768776
4,1,1.0,2.1505017648768776
4,5,1.0736511642813409,2.1505017648768776
4,13,1.0811164919896616,2.1505017648768776
4,1,1.0,2.1505017648768776
4,5,1.1347567556241918,2.1505017648768776
4,12,1.0155610095932235,2.1505017648768776
4,3,1.0087715655257947,2.1505017648768776
4,6,1.0023581956525276,2.1505017648768776
4,6,1.0034336630715317,2.1505017648768776
4,2,1.0,2.1505017648768776
4,1,1.0,2.1505017648768776
4,6,1.0078913238578975,2.1505017648768776
4,4,1.0399097488523106,2.1505017648768776
4,3,1.0903783615327172,2.1505017648768776
4,4,1.002882004785572,2.1505017648768776
4,1,1.0,2.1505017648768776
4,2,1.0281819307188904,2.1505017648768776
4,7,1.2062603837572177,2.1505017648768776
4,1,1.0,2.1505017648768776
4,5,1.0762422978415378,2.1505017648768776
4,17,1.1030529431213947,2.1505017648768776
4,2,1.0913112714389612,2.1505017648768776
4,1,1.0,2.1505017648768776
4,13,1.064415279277076,2.1505017648768776
4,1,1.0,2.1505017648768776
4,9,1.0723523707610747,2.1505017648768776
4,2,1.0,2.1505017648768776
4,10,1.1365024718167511,2.1505017648768776
4,2,1.508101025907749,2.1505017648768776
4,7,1.0138811180906202,2.1505017648768776
4,1,1.0,2.1505017648768776
4,3,1.0,2.1505017648768776
4,5,1.1856980138302207,2.1505017648768776
4,6,1.6535674512571215,2.1505017648768776
4,12,1.0227200934102905,2.1505017648768776
4,4,1.0,2.1505017648768776
4,4,1.013570541238557,2.1505017648768776
4,8,1.25094641733925,2.1505017648768776
4,7,1.000330927259261,2.1505017648768776
4,14,1.011573808631513,2.1505017648768776
4,4,1.0779541851829966,2.1505017648768776
4,1,1.0,2.1505017648768776
4,6,1.0313772068256535,2.1505017648768776
4,4,1.0,2.1505017648768776
4,8,1.0103113167194941,2.1505017648768776
4,5,2.0986797970915627,2.1505017648768776
4,6,1.137800683098782,2.1505017648768776
4,7,1.0009887123443892,2.1505017648768776
4,2,1.0345198196034924,2.1505017648768776
4,1,1.0,2.1505017648768776
4,1,1.0,2.1505017648768776
4,1,1.0,2.1505017648768776
4,1,1.0,2.1505017648768776
4,7,1.002873765685387,2.1505017648768776
4,4,1.338015517646719,2.1505017648768776
4,1,1.0,2.1505017648768776
4,1,1.0,2.1505017648768776
4,4,1.0409369540557196,2.1505017648768776
4,11,1.154877209459181,2.1505017648768776
4,1,1.0,2.1505017648768776
4,7,1.001420855471627,2.1505017648768776
4,4,1.0331454812662344,2.1505017648768776
4,3,1.0008224171954916,2.1505017648768776
4,6,1.026352013029223,2.1505017648768776
4,8,1.2485980985344998,2.1505017648768776
4,4,1.085011171840368,2.1505017648768776
4,4,1.0159001935122434,2.1505017648768776
4,9,1.1590249236425654,2.1505017648768776
4,6,1.005377914650783,2.1505017648768776
4,7,1.5002260517073003,2.1505017648768776
4,17,1.1054435573837578,2.1505017648768776
4,16,1.1502470015769681,2.1505017648768776
4,9,1.0204936641869724,2.1505017648768776
4,6,1.0056491490517574,2.1505017648768776
4,2,1.3210502368264625,2.1505017648768776
4,1,1.0,2.1505017648768776
4,4,1.2699231807419715,2.1505017648768776
4,2,1.01900361019995,2.1505017648768776
4,8,1.0145136758609754,2.1505017648768776
4,1,1.0,2.1505017648768776
4,1,1.0,2.1505017648768776
