topology,n,tau,mean_rho_mean,mean_rho_sem,susceptibility_mean,susceptibility_sem,realization
rr,300,0.041666666666666664,0.0051754629629629624,0.0007057715617470197,1.5120800044251066,0.9113239657153916,0
rr,300,0.05586455167756359,0.006998611111111111,0.0016099029411723636,4.0718978988212395,2.0198965800792616,0
rr,300,0.07490035521924417,0.006159259259259258,0.00029958437907023585,1.0132385911076152,0.21463571022661132,0
rr,300,0.09999999999999999,0.008266666666666667,0.0007490830395166144,3.1661605405935798,1.908047678711212,0
rr,300,0.10042259435552005,0.006189814814814815,0.00014600788104077576,0.7897739367787051,0.05846067920916866,0
rr,300,0.12142857144445304,0.007732870370370371,0.0003779263014441757,1.10661671246589,0.04186417748415758,0
rr,300,0.13464151708725494,0.009117592592592592,0.0003566770347069376,1.4303172063514955,0.2599513609879343,0
rr,300,0.14285714288890608,0.010832407407407407,0.0018577114856396456,1.7540809620887006,0.3849549181371374,0
rr,300,0.16428571433335915,0.01754398148148148,0.002061500325828928,2.9545803211760875,0.4975225373214394,0
rr,300,0.18052051174239642,0.02271527777777778,0.0008423271101908177,3.988875965045522,0.5270218392951782,0
rr,300,0.18571428577781218,0.02770231481481482,0.002013948611999353,5.053454518549071,0.3116165618691647,0
rr,300,0.20714285722226522,0.047493981481481484,0.005400102370312407,5.756096605641458,0.4592212130143392,0
rr,300,0.22857142866671826,0.12697824074074074,0.006865522580676878,6.519584422987592,0.4016552264312929,0
rr,300,0.24203273897023989,0.19403333333333334,0.006005016764127185,3.4315127293751546,0.07926748399564096,0
rr,300,0.2500000001111713,0.21230925925925925,0.008024345778408845,3.735491742996513,0.4156755667761271,0
rr,300,0.3245052108927655,0.41009166666666674,0.0017905745227797195,1.318464106116453,0.12394970446466134,0
rr,300,0.43508011496538174,0.5545726851851852,0.00033130502148485784,0.7091559369084349,0.02419192259801345,0
rr,300,0.5833333335927331,0.6597449074074073,0.0010472418362224012,0.4749025467041079,0.00979138949708716,0
rr,300,0.041666666666666664,0.005964814814814815,0.0008173543477943046,4.130793553494394,1.989521691244627,1
rr,300,0.05586455167776886,0.005351388888888889,0.00020927342763135088,0.8308063853668177,0.06942158741296782,1
rr,300,0.07490035521979461,0.0061291666666666664,0.0006841046597766458,1.3061575623145392,0.5162011180626233,1
rr,300,0.09999999999999999,0.006849537037037037,0.00029100539872933703,1.170193258238935,0.2727528970360386,1
rr,300,0.10042259435662712,0.006866666666666666,0.00023053262318396573,0.8713914300375797,0.0670125398034476,1
rr,300,0.12142857144563418,0.009732407407407407,0.0008498347360790493,1.763217249153149,0.28179840974834214,1
rr,300,0.134641517089234,0.01129074074074074,0.0014301542647038037,2.7441727172108186,1.1445708856621628,1
rr,300,0.14285714289126838,0.011807407407407405,0.0005437043554677025,2.334999017630514,0.26180963229472387,1
rr,300,0.1642857143369026,0.017722685185185185,0.0030999553235677665,3.724521840229892,0.7120479792870091,1
rr,300,0.18052051174571315,0.024587962962962964,0.0027462035252347715,5.395665826731911,1.1631897660157184,1
rr,300,0.1857142857825368,0.022969907407407404,0.003922659030850588,4.263661403834617,0.523460170427003,1
rr,300,0.207142857228171,0.04387453703703703,0.0029528872255749736,6.637217108185339,0.5578218291212422,1
rr,300,0.22857142867380514,0.12604444444444446,0.006240132265094313,6.539237289203944,0.6960279455099921,1
rr,300,0.2420327389755763,0.17929027777777778,0.0012353097404669614,4.7165765297980515,0.19088486967938884,1
rr,300,0.25000000011943935,0.21664675925925928,0.0021088784185335015,3.6213150788714907,0.4604213087283537,1
rr,300,0.3245052109011127,0.40374861111111104,0.0030181428584503166,1.4261266334596772,0.09304967685046381,1
rr,300,0.43508011497817195,0.5556884259259259,0.0013629720575967991,0.7164719407042893,0.014366198137624298,1
rr,300,0.5833333336120252,0.6590680555555556,0.0007915799804536434,0.4651594887154019,0.009554385445973822,1
rr,300,0.041666666666666664,0.00784074074074074,0.0007465283161066103,7.228085840278268,1.8705626473800274,2
rr,300,0.05586455167833377,0.006365277777777777,0.0002717823932778556,1.7890504781725867,0.512905442700191,2
rr,300,0.0749003552213094,0.006111574074074074,0.0006733879185625672,1.0910684675740177,0.2233837944866886,2
rr,300,0.09999999999999999,0.009127314814814814,0.0010516609370190375,3.4383848895274878,2.1035806571740516,2
rr,300,0.10042259435967349,0.007199999999999999,0.0003963626343461337,1.1296104949566634,0.3132941125440284,2
rr,300,0.12142857144888444,0.008053703703703704,0.0005237227806608013,1.2828793008336228,0.19864437216792485,2
rr,300,0.13464151709467995,0.01237546296296296,0.0016508166729185085,3.0186894413186613,0.9189080988404035,2
rr,300,0.14285714289776888,0.013775925925925924,0.0005459849499894641,3.5310124202832758,1.1121169274742342,2
rr,300,0.16428571434665334,0.017125925925925926,0.0015627546888906621,3.3726515157993457,0.5774551066462614,2
rr,300,0.1805205117548402,0.02142175925925926,0.0026368533816222765,4.060413057684566,0.5843712805906006,2
rr,300,0.18571428579553778,0.0244537037037037,0.0018804691611717455,4.347471257894528,0.3975246739761525,2
rr,300,0.20714285724442222,0.05972777777777778,0.0024950111402254524,7.272952206838902,0.5198889050996568,2
rr,300,0.22857142869330666,0.14735925925925925,0.008404653414443583,5.249895827403728,0.4731374990874537,2
rr,300,0.2420327389902607,0.19154861111111113,0.004651558336298707,4.047299967590626,0.29389237879141855,2
rr,300,0.2500000001421911,0.2212787037037037,0.0011384872070925236,3.2480411376779403,0.07475326822765904,2
rr,300,0.3245052109240822,0.4100287037037037,0.0017969195972179874,1.2221595377527668,0.027807659440083125,2
rr,300,0.43508011501336785,0.5566907407407408,0.0009717691478096309,0.7635497097895112,0.05265098442784996,2
rr,300,0.5833333336651125,0.6570550925925926,0.0011434240164379967,0.46713070882396635,0.008409284652068803,2
rr,600,0.041666666666666664,0.0036282407407407405,0.0008228012868185769,10.8751266570292,6.7707015466993825,0
rr,600,0.05586455167805651,0.0030611111111111112,0.0003598750211729031,1.5425073522806014,0.8628448182937294,0
rr,600,0.07490035522056594,0.005844212962962962,0.002598562031322296,7.287608666133271,5.995897413274583,0
rr,600,0.09999999999999999,0.0036729166666666668,8.968217184441228e-05,1.1558517605352827,0.1220439453127811,0
rr,600,0.10042259435817834,0.0052854166666666666,0.0015383355447178724,5.132674657169576,3.9956101116307585,0
rr,600,0.12142857144728922,0.006486805555555555,0.0020121141028445174,7.476091637311952,5.6063282869221736,0
rr,600,0.13464151709200708,0.005073148148148148,0.00024215692195639303,1.846713260431953,0.2162716816195446,0
rr,600,0.14285714289457846,0.0062006944444444444,0.0003666223113136312,2.6561694850593476,0.4443009709424766,0
rr,600,0.16428571434186767,0.009299537037037038,0.000624119235370012,4.031555470008479,0.7031000365558674,0
rr,600,0.18052051175036068,0.012933333333333333,0.0004609094891146433,4.805713664532953,0.1398637483037332,0
rr,600,0.1857142857891569,0.011610416666666665,0.0003242017770876711,4.481156055863188,0.36232984781573213,0
rr,600,0.20714285723644615,0.03763726851851852,0.006624893477491231,13.5078016451356,2.9932239224781876,0
rr,600,0.22857142868373537,0.13412083333333333,0.001700417250060321,5.684379208088802,0.641832886963129,0
rr,600,0.24203273898305364,0.19474166666666667,0.002936372754070217,3.8504682180303607,0.5540246928039061,0
rr,600,0.2500000001310246,0.22738541666666667,0.0015634370247049813,2.9028922708187825,0.20004147389882657,0
rr,600,0.3245052109128088,0.4087793981481482,0.0022386239291887163,1.3033926340035513,0.0932203494670869,0
rr,600,0.4350801149960938,0.5546375,0.0006541805368419329,0.7471863753487875,0.04567566141178616,0
rr,600,0.5833333336390574,0.6578467592592593,0.0007536823278583944,0.4680038187317717,0.00904446192542078,0
rr,600,0.041666666666666664,0.004869675925925926,0.0019116060246799865,6.6572211097284235,4.702870504137495,1
rr,600,0.05586455167786329,0.00295162037037037,0.0005158248727563822,1.7891002222436674,1.048624937028815,1
rr,600,0.07490035522004777,0.0037708333333333326,0.00034439600830955017,3.0960079774026843,1.2651206329989297,1
rr,600,0.09999999999999999,0.0038298611111111107,0.0002101237792364167,1.4427867619574644,0.2694412975909947,1
rr,600,0.10042259435713627,0.0038062499999999997,0.0002860877310256292,1.4932714547845236,0.40951255868005504,1
rr,600,0.12142857144617743,0.003984722222222222,0.00013670113361422022,1.1284315300442704,0.05910234559903611,1
rr,600,0.13464151709014424,0.006394444444444444,0.0003111299413760552,3.958092522739875,0.9793995122354293,1
rr,600,0.14285714289235485,0.00604212962962963,0.000640183593761972,2.6925810289672416,0.6454707650071989,1
rr,600,0.16428571433853228,0.008722222222222221,0.0009921337702914464,2.7164921328437273,0.3335997191573679,1
rr,600,0.18052051174723868,0.011571527777777776,0.0015250600769515976,4.799551700043122,0.9597490876871345,1
rr,600,0.18571428578470972,0.01671041666666667,0.002049443189984691,6.636548638553315,0.4703550080890541,1
rr,600,0.20714285723088716,0.03732800925925926,0.0055450150570731166,8.672153252023001,0.7903517913033056,1
rr,600,0.2285714286770646,0.1342263888888889,0.0054846066398341565,5.857171627549638,0.7099017980675038,1
rr,600,0.24203273897803063,0.19184421296296295,0.0009679497077858491,4.135427843171195,0.5984907979627461,1
rr,600,0.250000000123242,0.22180486111111108,0.002525899235692904,3.141806501924131,0.422050654145722,1
rr,600,0.3245052109049517,0.40907476851851854,0.0021123287239855457,1.3749163412554872,0.07183186407434401,1
rr,600,0.4350801149840546,0.5549328703703703,0.001398566412990602,0.7352765424994123,0.020678926365104704,1
rr,600,0.5833333336208981,0.6579083333333333,0.0002698887453048541,0.46865839923061514,0.00963843482458026,1
rr,600,0.041666666666666664,0.0027993055555555553,0.00014149225475675313,3.643194551582908,2.6248611066101937,2
rr,600,0.05586455167801981,0.0034877314814814814,0.0006243308460616682,2.5311964167485295,1.4871226285474564,2
rr,600,0.0749003552204675,0.003226851851851852,0.0005706307276143373,2.49334309073723,1.9214811729057235,2
rr,600,0.09999999999999999,0.0040215277777777775,0.00048437024773838783,3.0659875241663577,2.1110067435310396,2
rr,600,0.10042259435798036,0.005002546296296296,0.0012974078333539687,3.995225591143481,2.6492386945741875,2
rr,600,0.12142857144707798,0.005950231481481481,0.000557928365793389,5.00115433927592,2.9024852697580634,2
rr,600,0.13464151709165315,0.006468518518518518,0.0005928004072338716,2.3678655588106254,0.1853862274034075,2
rr,600,0.14285714289415596,0.007332407407407407,0.00035823761761176584,3.027435117304326,0.36341934492769207,2
rr,600,0.16428571434123396,0.008298842592592592,0.0007168530014844824,2.9012012143412194,0.6258897962402319,2
rr,600,0.1805205117497675,0.013231018518518519,0.0009928258101386917,5.584064899282706,0.7470302440360888,2
rr,600,0.18571428578831195,0.014975231481481483,0.0019501158975896225,9.684967650645783,4.104191013244353,2
rr,600,0.20714285723538994,0.04293726851851852,0.004361141358820821,12.36688658447095,1.8187647203069988,2
rr,600,0.22857142868246794,0.13798564814814818,0.004321065527847664,6.3520231361511925,0.7494709272093385,2
rr,600,0.24203273898209932,0.19166226851851853,0.004065712490781771,4.052634678648995,0.2708330603585127,2
rr,600,0.25000000012954593,0.2211048611111111,0.0029961740286356593,3.5308077335724777,0.07010710020923556,2
rr,600,0.324505210911316,0.4110412037037037,0.0017734733810291468,1.278664672330881,0.0958525328949839,2
rr,600,0.4350801149938064,0.5551405092592593,0.0012885082615547775,0.7290479307866004,0.018686230699197746,2
rr,600,0.5833333336356072,0.6583840277777778,0.0008848503595244609,0.4680709888089994,0.017021324500104084,2
rr,1000,0.041666666666666664,0.0038062500000000006,0.0014563103671763335,18.206480751536198,7.9229614278541085,0
rr,1000,0.055864551677475276,0.0024945833333333335,0.0005023059672373224,8.389225412064203,4.4306677702903805,0
rr,1000,0.07490035521900734,0.0024909722222222225,0.0006544844661330512,3.8253410810548,2.7173034612350255,0
rr,1000,0.09999999999999999,0.002083888888888889,0.00016568941891108993,1.6251455201958742,0.7799461925014776,0
rr,1000,0.10042259435504378,0.0024372222222222226,0.0005611427842179166,4.527580898641011,3.8026279124820714,0
rr,1000,0.12142857144394491,0.003401111111111112,0.0002802112849218084,8.00019276060251,4.11638202225564,0
rr,1000,0.13464151708640357,0.004362361111111112,0.0005339565887145577,5.316119092411707,1.9430869221681057,0
rr,1000,0.1428571428878898,0.004145000000000001,0.00048489137980145763,6.3335386930960205,2.513988617448772,0
rr,1000,0.16428571433183473,0.00621,0.0003324636803704012,5.3748150677775115,0.7926038514375923,0
rr,1000,0.18052051174096953,0.0074845833333333335,0.001461611524907627,7.673470755646003,4.283274981664263,0
rr,1000,0.18571428577577964,0.009281250000000001,0.001498930884000423,6.972877692428388,1.8674849326802632,0
rr,1000,0.20714285721972456,0.03618430555555556,0.004046425913520611,14.285020024728228,2.902436811634531,0
rr,1000,0.22857142866366947,0.13677569444444446,0.007692012175321765,6.718111116727043,0.6584682460117075,0
rr,1000,0.24203273896794417,0.1954959722222222,0.0022418624951753043,4.656432554529357,0.7745400530454566,0
rr,1000,0.25000000010761436,0.22384694444444445,0.0023420461721822966,3.3046826114118684,0.49673018057876167,0
rr,1000,0.3245052108891745,0.4085756944444444,0.0018309291246848877,1.2977295619688853,0.06111006540260843,0
rr,1000,0.4350801149598793,0.5556345833333334,0.0009445522099464919,0.7764595759785009,0.038107422350819244,0
rr,1000,0.5833333335844335,0.6587576388888889,0.0005291816793340487,0.4766793248856412,0.005483507124931369,0
rr,1000,0.041666666666666664,0.0021762500000000002,0.000144779237187437,11.21739741340517,5.531489200774482,1
rr,1000,0.05586455167740218,0.0018565277777777781,0.00012938589022971168,1.8496318662381888,0.7892028608236613,1
rr,1000,0.07490035521881139,0.001794305555555556,7.700488166610943e-05,0.956328328222672,0.19676320572626693,1
rr,1000,0.09999999999999999,0.0032201388888888896,0.0006363700497963257,5.180517641487254,1.9246349009085268,1
rr,1000,0.10042259435464972,0.003219305555555556,0.0003728084366014733,7.239801460446044,2.1369543746440525,1
rr,1000,0.12142857144352447,0.0036386111111111116,0.0005751955071096931,5.5755386188695635,3.2037834118987143,1
rr,1000,0.13464151708569908,0.005220694444444445,0.0015457127482001824,10.614373240464111,7.264146814037027,1
rr,1000,0.14285714288704893,0.0037113888888888895,0.00028571786171336516,4.860318446999418,2.4008826857097714,1
rr,1000,0.1642857143305734,0.004109444444444445,0.00038102633761834335,2.353097025080161,0.19686245599428767,1
rr,1000,0.18052051173978886,0.0075873611111111116,0.0010279946061320677,4.419945910194805,0.6385006412965748,1
rr,1000,0.18571428577409788,0.008635694444444444,0.0016850814687507424,6.5642786125881525,1.9092853308230773,1
rr,1000,0.20714285721762235,0.03619611111111111,0.00786175580068138,11.98514546504973,2.2929857682080903,1
rr,1000,0.22857142866114682,0.14342902777777777,0.004844751494766168,5.329574335750838,0.7488778025575848,1
rr,1000,0.24203273896604469,0.189315,0.002396987338821198,4.459274987651467,0.4291783930711084,1
rr,1000,0.25000000010467127,0.2220213888888889,0.0019614413542632363,3.664371573230378,0.24017133748372155,1
rr,1000,0.32450521088620327,0.40896388888888885,0.0012885284457688582,1.3068925370121773,0.04500918975917111,1
rr,1000,0.4350801149553265,0.5551081944444445,0.00039863691199244224,0.7043025984656248,0.027127540763513362,1
rr,1000,0.5833333335775663,0.6578837500000001,0.00025854942923154425,0.4648971878096651,0.015986234050168694,1
rr,1000,0.041666666666666664,0.0015952777777777781,0.00010768192090845602,1.8785278048797762,0.9839220032767136,2
rr,1000,0.055864551678057574,0.0020763888888888893,0.00027658061468539895,2.689140874664794,1.333601709110821,2
rr,1000,0.07490035522056879,0.0035315277777777784,0.0012398099543856822,22.533401095727054,19.757974077110287,2
rr,1000,0.09999999999999999,0.002831944444444445,0.0006311331381458619,7.876291030638337,6.733872471600272,2
rr,1000,0.10042259435818404,0.002984027777777778,0.0005363121564598985,8.72859296514415,6.406839936994983,2
rr,1000,0.12142857144729531,0.00429138888888889,0.0006992054757545186,7.7386932938202575,3.0307640767527473,2
rr,1000,0.13464151709201727,0.003631111111111111,0.0004367703792584049,4.3370978029227985,1.926924667952689,2
rr,1000,0.14285714289459062,0.0036908333333333337,0.00037101479815861106,3.1725773756999587,0.6303875741755701,2
rr,1000,0.16428571434188594,0.005573472222222223,0.0005016221307802093,7.67294382780971,2.7162199168590755,2
rr,1000,0.18052051175037775,0.008040694444444446,0.0011213502611490368,4.258903799879713,0.6669191143351154,2
rr,1000,0.18571428578918125,0.009556666666666668,0.0013481038924868785,6.548284476237734,1.0314987425618716,2
rr,1000,0.20714285723647657,0.029768888888888893,0.006544580058174863,12.198070144111025,2.7828817578886063,2
rr,1000,0.2285714286837719,0.13546986111111112,0.007678652514807423,5.59187975984806,0.9480622080127392,2
rr,1000,0.2420327389830811,0.19122194444444443,0.0032052354091045743,4.209049772047736,0.7088937074589797,2
rr,1000,0.2500000001310672,0.2198988888888889,0.0029610077721527513,2.798794457511655,0.1435837457956403,2
rr,1000,0.3245052109128518,0.40801638888888886,0.0003440387769440415,1.4575669929650579,0.12195821646291456,2
rr,1000,0.4350801149961596,0.5547016666666666,0.0005283265665337543,0.7299068521347135,0.009209094665441321,2
rr,1000,0.5833333336391568,0.6579743055555556,0.0007467080144181896,0.4664180298916611,0.010938572342340008,2
er,300,0.03491623049186969,0.00454212962962963,0.00020862376874686503,0.48543688784328637,0.14883988168223442,0
er,300,0.04687938077191316,0.0061722222222222204,0.00045999853382402853,1.3161823442322806,0.24947976951315615,0
er,300,0.06294139747043295,0.006729166666666666,0.0004740447612224324,1.6445005698378403,0.7653473898559593,0
er,300,0.08379895318048726,0.006321296296296296,0.0004912415916084644,1.101939258523092,0.46590880490097797,0
er,300,0.08450665197148999,0.007737962962962963,0.0002207584248032853,2.300912727008812,1.1201709740675467,0
er,300,0.10213468881514647,0.008627314814814813,0.000200370277663656,1.519045152495869,0.08513150675106518,0
er,300,0.11346068747179042,0.011750925925925925,0.001332683419279293,2.06301983630981,0.41673079446472805,0
er,300,0.12047042444980569,0.012707870370370368,0.0005093767400967808,2.2635249906690675,0.29144556801838173,0
er,300,0.1388061600844649,0.01543287037037037,0.0013629573803478668,2.8957043009165413,0.36515310116840066,0
er,300,0.1523350801533869,0.025009259259259255,0.0033615281345211077,4.424847382696831,0.6911007824903287,0
er,300,0.1571418957191241,0.03054583333333333,0.000833954286825641,5.373721983324195,0.5150241714028335,0
er,300,0.1754776313537833,0.05469999999999999,0.00465629180610822,8.139456246292378,0.7308338187046064,0
er,300,0.19381336698844254,0.12011944444444445,0.0025993829176084913,5.498716817062947,0.4794186914214223,0
er,300,0.20452878580617168,0.16470555555555555,0.004514228065762867,3.6248831592876716,0.7460931849463487,0
er,300,0.21214910262310172,0.18053425925925926,0.0023040664659202295,3.9699681969788427,0.4727144012592654,0
er,300,0.2746053251898774,0.35227546296296297,0.0020584700691269513,1.4122783026270331,0.11238372096025742,0
er,300,0.36869179233333566,0.49194305555555556,0.0011851199285178905,0.7671505271506721,0.039618168089502165,0
er,300,0.4950145727872373,0.5972930555555556,0.0008242108275349924,0.5345295565864214,0.008347779683516738,0
er,300,0.03341757283386221,0.006666666666666666,0.0010589249342899168,2.3673176893654966,1.0185359217160463,1
er,300,0.044916262737524575,0.005318055555555556,0.00023463576219489058,0.7393855015415884,0.21977107877402188,1
er,300,0.060371549673470734,0.006708796296296296,0.0006698165363641234,1.6635180302678403,0.596942492237014,1
er,300,0.0802021748012693,0.00837175925925926,0.0015223302383877318,3.1481096349037725,2.1230714682967498,1
er,300,0.08114486352693408,0.007439814814814813,0.0007298600955187476,2.1692518482962653,0.8632561570410313,1
er,300,0.09803735831884128,0.009513425925925925,0.0008235174201909901,1.6206518299138417,0.34693305050923523,1
er,300,0.10906609011062367,0.01217685185185185,0.001903551853601763,3.182037350125828,1.376994548088825,1
er,300,0.11587254183641325,0.013343518518518518,0.0012649066584516568,2.359226739491572,0.40005984763169045,1
er,300,0.13370772535398523,0.015539814814814815,0.0013465018650263478,2.4103961829966596,0.31395156851203565,1
er,300,0.14659476268723146,0.0227125,0.0012405413454575655,4.578677779073746,0.6071582701879163,1
er,300,0.1515429088715572,0.034706481481481484,0.005037587938510443,5.551204898345421,0.8181658451477867,1
er,300,0.16937809238912918,0.062217129629629636,0.006257620108944711,6.344098325245557,1.2501464027830025,1
er,300,0.18721327590670117,0.12311712962962963,0.0068271619885499416,5.46581009435845,0.7513362629525184,1
er,300,0.1970367180626791,0.16265231481481482,0.004223709152771011,3.572938378709379,0.3790992843471743,1
er,300,0.20504845942427313,0.18891990740740744,0.003813265625073383,3.7550111910371444,0.7230284094350515,1
er,300,0.26483530211610523,0.3473675925925926,0.0010734988082704274,1.2941087523860468,0.08971624271757736,1
er,300,0.35596277656541814,0.48919120370370367,0.0008737085887768404,0.7913300594992893,0.014192545737027516,1
er,300,0.47844640532330396,0.5900550925925925,0.00014491332374623822,0.5380502998027357,0.025437542870632705,1
er,300,0.03545966665827404,0.0053365026099925425,0.0008333220377473456,1.6488763706136513,0.7849409445950886,2
er,300,0.04764231629121341,0.005989000745712155,0.0005764438666094904,1.6741570579365272,0.4296765979733054,2
er,300,0.06401048051201556,0.0057685495898583145,0.0003143735221904653,0.7864276458336226,0.13791104056176626,2
er,300,0.0851031999798577,0.008524888143176732,0.0011973843920302565,2.294288254875178,0.9346487822783391,2
er,300,0.08600214965062031,0.008148769574944072,0.000511874838351018,1.3717845936330653,0.08562135083407316,2
er,300,0.10391863742164263,0.008928504847129008,0.0009145216547754894,1.3538448078549004,0.24339209284348773,2
er,300,0.11554935512692026,0.011612136465324382,0.0003855278766346468,2.652782601811493,0.17982828554540106,2
er,300,0.12273407486342756,0.012603467561521253,0.00035461737941424416,3.5233593454233336,1.025490857343389,2
er,300,0.1415495123052125,0.014966909023117075,0.00043388255752953867,2.599216598108005,0.23995781099312363,2
er,300,0.15524790397086116,0.022177945563012676,0.0018505109782639233,3.9379239318756483,0.410930888882683,2
er,300,0.16036494974699744,0.029192300521998508,0.0024656965143556326,5.768600539414804,0.815576573113878,2
er,300,0.17918038718878238,0.058002423564504094,0.0054178173763895126,6.913560495743168,0.7499372101226879,2
er,300,0.1979958246305673,0.12115492170022372,0.004477135788934372,6.034627722135945,0.9398011275928256,2
er,300,0.2085854279400522,0.16108314690529457,0.0036177061844406442,4.099376102042353,0.5616279386620996,2
er,300,0.21681126207235224,0.17901379567486952,0.0067969050458055865,3.335596700211128,0.5316872995485237,2
er,300,0.28024778200613126,0.3408934563758389,0.0024432866651038663,1.474439204376666,0.09195998496885185,2
er,300,0.3765307101986448,0.4843204697986577,0.0009793390076633696,0.8039813347281941,0.007875343528529229,2
er,300,0.5058929448354886,0.588303504847129,0.0005031467928939286,0.5406751952049579,0.019525868434188087,2
er,600,0.03546953977682451,0.0028800925925925925,0.0006532559429857352,3.9504721836883467,3.2819135360208027,0
er,600,0.04764123343721084,0.004189583333333333,0.0009117439661201581,4.456304261195065,2.1339352171430135,0
er,600,0.06398975396071564,0.0035208333333333337,0.00035589809165839935,3.4781518915882574,1.0534137829537717,0
er,600,0.08512689546437882,0.0036458333333333334,0.00031549411551204105,1.5745935275772551,0.3778490496188806,0
er,600,0.08594841729590297,0.005258796296296296,0.0010019218429603207,3.7954770160248565,1.5751594340785544,0
er,600,0.10386372187486131,0.004394675925925925,0.00018134930584497074,1.5400348075554842,0.22780681800029848,0
er,600,0.11544239473409684,0.005793055555555556,0.00043974439007316864,4.016143429139257,1.5397994032335252,0
er,600,0.12260054828534381,0.008322453703703703,0.0009600813347145446,5.804524432646838,1.4968300906436083,0
er,600,0.1413373746958263,0.009555555555555555,0.0008777755801660253,3.9794055812708304,0.7563472049377319,0
er,600,0.15505749752274156,0.017076157407407408,0.0037831924622944513,6.81068590506867,1.2831749243310475,0
er,600,0.16007420110630882,0.01863773148148148,0.002663399366247541,6.918820005083588,1.3346137796284723,0
er,600,0.1788110275167913,0.04812569444444445,0.003378255647793802,9.857134643986821,0.6173399155434061,0
er,600,0.1975478539272738,0.12485995370370372,0.004480567440950642,5.4289206423211676,0.706671738470837,0
er,600,0.20826688144674946,0.1644983796296296,0.0026639971145416184,4.069061398533951,0.5276448960326877,0
er,600,0.2162846803377563,0.1852601851851852,0.003580063725890322,3.5905308934152655,0.29587155716198393,0
er,600,0.27973554713916865,0.3455125,0.0014059896052670013,1.580141770177594,0.06170430171301043,0
er,600,0.37572933242992756,0.48425555555555555,0.002263954119335937,0.8001609041335151,0.046738306269216365,0
er,600,0.5046642541214313,0.5940349537037037,0.0005152586259516283,0.5394183837623258,0.01127231063820844,0
er,600,0.033899664837590084,0.0028869379412857672,0.0005050299301029649,2.4398607747965824,1.7070929327605606,1
er,600,0.04558767935237909,0.002529031958379784,7.144457643660349e-05,0.7692611899800557,0.12678903264321123,1
er,600,0.06130551787729922,0.0037198067632850237,0.0004581034860976929,3.293619653413895,1.9702328439819434,1
er,600,0.08135919561021619,0.0036482720178372344,0.00017920307056404962,1.329340143131982,0.2945920009247742,1
er,600,0.08244259360413604,0.0039511334076551465,0.0001958082868408218,1.6382938444994009,0.24558367460208205,1
er,600,0.09958954432079331,0.004459076551467856,0.0004026525386368094,1.8781298015006525,0.624147352344692,1
er,600,0.11086736521466546,0.005716973244147157,0.0003227212621144212,2.4976088749433076,0.4871304719325663,1
er,600,0.11781989303137042,0.008197928279450019,0.0014534265145430278,5.492013159471503,2.4650672634902313,1
er,600,0.13605024174194752,0.011314799331103678,0.00169291873701629,5.3893893786518525,1.4387654461385795,1
er,600,0.1490925034292633,0.020034838350055737,0.0025704639060923477,7.816860399229987,1.3496605009852265,1
er,600,0.15428059045252462,0.019737318840579707,0.0018716416705034848,9.32632727770676,1.8269630586053884,1
er,600,0.17251093916310173,0.0545066889632107,0.002012397379833312,9.958963889520412,1.1388589223907728,1
er,600,0.19074128787367886,0.12466137123745819,0.003799533381909614,5.416496081918352,0.3718233113389839,1
er,600,0.20049700410725108,0.16984485321441842,0.004537459049202445,3.54805884588022,0.3282111939252307,1
er,600,0.208971636584256,0.18990756224451877,0.004124444840919325,3.340466143336124,0.29523010584545906,1
er,600,0.26962488207903373,0.34299284652545525,0.0017785037012087374,1.3595503189810314,0.0600169462985325,1
er,600,0.3625868494136952,0.48064938684503905,0.0007402667888490735,0.8246927851056449,0.024596995463956977,1
er,600,0.487600485363264,0.5883224173169825,0.00023093000059687312,0.5492777321632839,0.0367594457603032,1
er,600,0.03665273219347081,0.002938266443701226,0.0004728321349810569,2.1008290907334484,0.9690172846512415,2
er,600,0.049299304698260174,0.002511380527684875,7.103872840432567e-05,0.5029063656089772,0.07711011314960886,2
er,600,0.06630942083397663,0.003335423634336678,0.00047195622149498565,3.611539650797453,2.5928799760512775,2
er,600,0.08796655726432993,0.004236575622445188,0.000547923542142188,2.0308519756623293,1.033394697314199,2
er,600,0.08918866743150207,0.005643115942028985,0.00127419545007808,5.5706881164687525,2.5976891539487004,2
er,600,0.10773257050791941,0.005215068747677443,0.0005899026324529241,2.938243135252295,1.2030050345508718,2
er,600,0.11996211546054047,0.00476007989594946,0.00029704047045804577,1.6789158322729407,0.26202752194246254,2
er,600,0.1274985837515089,0.007391072092159048,0.0006129601373187994,2.823246209519761,0.4388855841051717,2
er,600,0.1472645969950984,0.010223429951690819,0.0009625063795193729,4.191131989830035,0.5464995976721042,2
er,600,0.1613535616149937,0.014818840579710144,0.0021180614949032257,5.7288000780760315,0.9692927317052296,2
er,600,0.16703061023868787,0.020485878855444072,0.002426059734246952,9.001361285272203,1.737886715299662,2
er,600,0.18679662348227735,0.05048750464511334,0.004861030812277044,8.659658016172097,1.6455829723639446,2
er,600,0.20656263672586683,0.12570210888145672,0.0015088165398311681,5.202174756980396,0.2903210800036441,2
er,600,0.2170266149933587,0.1567184596804162,0.0026602539736052724,4.165164142398193,0.16666415382819047,2
er,600,0.2263286499694563,0.18492265886287626,0.0029086496865301133,3.7668518673835854,0.18194136830064037,2
er,600,0.29190896776026765,0.346492707172055,0.000967263880983132,1.3820945449925681,0.08356301672178679,2
er,600,0.3926285513943649,0.4876145020438499,0.0012959603369586568,0.8277612626298887,0.018871302608748888,2
er,600,0.5281001832620648,0.5980934132292828,0.00020538699257957848,0.5116218543196529,0.017987461125301595,2
er,1000,0.03551026072265819,0.0020831938866577417,0.0007636028101124406,5.578283689348719,4.9099483945899145,0
er,1000,0.04773459976897519,0.0023611111111111107,0.0007855047285733237,11.582734450786395,10.95870889811821,0
er,1000,0.06416714405170042,0.0016933009817045959,9.696064048326234e-05,0.6518490611066511,0.12322711783812765,0
er,1000,0.08522462573437965,0.0022026996876394465,0.00016694976246750805,1.3881359212497597,0.2797421243369622,0
er,1000,0.08625656014042384,0.002973282016956716,0.000500948643162307,4.566519423876286,2.3827802387882127,0
er,1000,0.1042094214803903,0.002795208612226684,9.367257128339327e-05,1.594460629267521,0.16900389170638982,0
er,1000,0.11595021528874469,0.005574380856760374,0.002516147563970434,9.659479841682083,7.740124730344377,0
er,1000,0.12319421722640093,0.004092620481927711,0.00014250410952300048,3.010462637345149,0.756499929465712,0
er,1000,0.1421790129724116,0.008486306336456938,0.0014550369145350356,11.88131498677912,5.508185910659255,0
er,1000,0.15586585418684631,0.009592257920571173,0.0009363665015209243,6.4560254959645516,1.0400662758370778,0
er,1000,0.16116380871842223,0.014376812806782685,0.0011211900149439861,12.51903473727424,5.165820346569635,0
er,1000,0.18014860446443287,0.056342732039268185,0.007310859915187074,15.033129210884884,3.2630843801295377,0
er,1000,0.1991334002104435,0.12551121151271755,0.0012014636769005788,5.439358482647231,0.21983865609601994,0
er,1000,0.20952237510639163,0.17122978023203927,0.0034304205481580415,3.7735067421772337,0.3300533500657625,0
er,1000,0.21811819595645413,0.19455126059794736,0.0005571329883794137,2.9526752582747844,0.16761619023981686,0
er,1000,0.2816500502900284,0.34995035698348953,0.0005624626906063041,1.447390228226183,0.0791320745230889,0
er,1000,0.37860753911411527,0.4898772869254797,0.0007173805278813841,0.8080313137130389,0.03473403258186813,0
er,1000,0.5089424572317263,0.5985359493529674,0.00027489080633683044,0.5204023154237575,0.013024880316585241,0
er,1000,0.035198254146097986,0.002286721274935919,0.0004232535734670094,6.579698581124423,3.4997694773788823,1
er,1000,0.0473398307667165,0.0023694695196701215,0.0008414423845014461,11.518678530455752,11.076379583382042,1
er,1000,0.06366962315003902,0.0023013484899141873,0.0003981762612157248,4.392383729254409,2.7695470166325924,1
er,1000,0.08447580995063517,0.0026181321743006794,0.0003397232404540065,3.1652930092936167,0.8778524298178291,1
er,1000,0.0856323490475621,0.00298659868494372,0.00047551949657288517,7.496168399764729,3.360033599628945,1
er,1000,0.10343888931992085,0.0036994316282179876,0.0008142231199744971,12.298868291354786,10.175358681165484,1
er,1000,0.11517107908936976,0.0035792098517775546,0.00010535755354204432,2.8979827159555533,0.2160935605978579,1
er,1000,0.12240196868920653,0.003963418031873399,0.00020114557423938338,3.595480325077525,0.9341328064348621,1
er,1000,0.1413650480584922,0.006889278947954975,0.0010863417479184266,6.2421811449679705,2.0994906271483385,1
er,1000,0.1548991427438541,0.010290594004234929,0.0018995352969896082,11.988561690537786,6.577616208463344,1
er,1000,0.16032812742777788,0.011711941379694639,0.0014475143359058717,10.222291812374344,1.6626924107614625,1
er,1000,0.17929120679706356,0.051089100635239054,0.0025281519553684143,12.115622043361071,0.5899105579868574,1
er,1000,0.19825428616634924,0.1244638080909395,0.0013890601800578902,4.541109360831104,0.27833132954147316,1
er,1000,0.20833133293960338,0.1638486292209963,0.0020503739532336967,3.5260460527835424,0.17329271496625132,1
er,1000,0.21721736553563492,0.18930123704446675,0.0018570470985157822,3.363611523014828,0.1471938467369519,1
er,1000,0.28019486431995716,0.33934052156469413,0.0012288851886507906,1.4508025018261912,0.05743340076055616,1
er,1000,0.3768475960072676,0.47907152011590326,0.0005369842878059569,0.8316798004843143,0.026744588525543934,1
er,1000,0.5068405195831481,0.5855349381477767,0.00039521136386080446,0.5385860616108314,0.021199601582160624,1
er,1000,0.035314694647909615,0.0018041652763874981,0.00014567797308228842,1.7604541060792596,0.3357205979210077,2
er,1000,0.0474665089713867,0.0016884940496051607,0.00011146129165624283,0.9827257364442405,0.3420708460736694,2
er,1000,0.063799772202309,0.003388527416305193,0.0009396192851855911,15.162487197839125,12.094331999249139,2
er,1000,0.08475526715498308,0.003008981203425648,0.0007985515809285667,6.8412351394962245,4.6571958665827635,2
er,1000,0.08575332421266128,0.0031094983872761647,0.00041975138325678004,5.479904976237373,2.2294920449811997,2
er,1000,0.10360496276095559,0.003180263596930263,0.0006025910388570724,3.0898520772899154,1.306861735862215,2
er,1000,0.11526111081092014,0.0037801690579468356,0.0001638354585511364,2.2736263713503133,0.26276554748610437,2
er,1000,0.12245465836692809,0.004735012790568346,0.00047518727784437003,4.138951868267855,1.0101428013047848,2
er,1000,0.14130435397290061,0.005701256812367923,0.0008388103163091846,3.6697245779494674,0.6558380764038322,2
er,1000,0.1549225500858857,0.010524552330107887,0.0023098741416124513,10.966153947041068,5.802883868148394,2
er,1000,0.16015404957887314,0.01626098320542765,0.0030565569811722313,8.694769216252425,1.5769663119772168,2
er,1000,0.17900374518484563,0.044301662773884996,0.0016765983515604757,11.460693276511204,0.6602756228567426,2
er,1000,0.19785344079081815,0.1243771549327105,0.0023026856493828973,5.552346996707159,0.6371826565919205,2
er,1000,0.20823152194399852,0.1654151373595818,0.0014434100258645965,3.6862464370325614,0.4387018458349862,2
er,1000,0.21670313639679065,0.19220581692803917,0.002089369957722008,3.4641491126430415,0.29646452814904484,2
er,1000,0.2798841531273265,0.34232496385274164,0.0006023339476492791,1.399340122169783,0.038034363601607044,2
er,1000,0.37619251129936077,0.4817774719163608,8.32102310765886e-05,0.8378395775829088,0.025199656736092656,2
er,1000,0.5056406515925115,0.5924809531753976,0.0009145063858214755,0.516646491358072,0.00242666797680795,2
ba,300,0.020392749244712995,0.00500324074074074,0.0004348510504755389,0.8309711570826545,0.234585099869305,0
ba,300,0.027493096074678404,0.0048754629629629625,0.0004448907063835217,1.2470325918189475,0.8753956004183672,0
ba,300,0.037065641454276356,0.0061634259259259255,0.00038975900233859627,1.1016951011480636,0.18026826286927367,0
ba,300,0.048942598187311184,0.007762962962962963,0.000959860267417886,2.3333457476329036,1.1270747159228323,0
ba,300,0.049971155401530784,0.008626388888888888,0.00042596039514308456,1.9312119701993775,0.2648497442103935,0
ba,300,0.06032175582980957,0.009937037037037036,0.001192494340711591,2.3702877461859413,0.4329306031229786,0
ba,300,0.06737011081392848,0.010326388888888888,0.0004936481398117925,2.3770582465552277,0.13133433055797586,0
ba,300,0.07170091347230796,0.01306111111111111,0.0012981637782824742,2.80024786811883,0.2690064868149932,0
ba,300,0.08308007111480636,0.018377777777777778,0.001323942193207713,3.4764492150695387,0.2564323341398521,0
ba,300,0.09082703400814235,0.01933148148148148,0.0034194921235723443,4.036951734662134,0.21794235153286023,0
ba,300,0.09445922875730475,0.02424490740740741,0.002373213521423438,4.05311348861883,0.39901812001382775,0
ba,300,0.10583838639980314,0.034443981481481485,0.0007378502148329524,4.853783494213256,0.35112361707355444,0
ba,300,0.11721754404230153,0.05001481481481482,0.002714545213399869,5.674265050931698,0.4107393306217818,0
ba,300,0.12245118802759467,0.06037407407407408,0.0028948255319689916,5.496923904984255,0.5698339681538857,0
ba,300,0.12859670168479992,0.07960324074074074,0.0019408350354943361,5.13527177251772,0.544666466967874,0
ba,300,0.16508623905989436,0.16395416666666665,0.002718018440460625,2.758846052957855,0.11585895838465292,0
ba,300,0.22256596090189804,0.2785601851851852,0.0007129038375355522,1.4485384568473683,0.05642054609761374,0
ba,300,0.3000589705978665,0.3961712962962963,0.0013173355466193173,0.9363515680990178,0.056343489205224306,0
ba,300,0.022966285184039596,0.00617824074074074,0.0004167464772671582,3.580531424223465,2.0203074221122157,1
ba,300,0.030819771856411025,0.0053620370370370376,0.0006799585859117437,1.0627037916302886,0.5403938553942923,1
ba,300,0.041358814874480815,0.006911111111111111,0.0006190417872319104,1.603152875316004,0.5856281595224135,1
ba,300,0.055119084441695027,0.007665277777777777,0.0004118558867985576,1.9574526955080467,0.28664649448635127,1
ba,300,0.0555017595779429,0.007962499999999999,0.000300693048543125,2.652912456474672,0.9039638834811317,1
ba,300,0.06709051534485753,0.009244444444444442,0.0008089078113600945,2.0880906118936275,0.3739254825520541,1
ba,300,0.07448098611134214,0.009895833333333333,0.0007781412198321262,1.640734376857453,0.1392041807725211,1
ba,300,0.07906194624802004,0.013454629629629629,0.001443913621203192,3.0558377773527363,0.5737573271717938,1
ba,300,0.09103337715118254,0.018281944444444444,0.0014068128160429577,3.9830852670301646,0.0647831601880789,1
ba,300,0.09995029588796234,0.021910185185185185,0.001718717145423193,3.901617024111249,0.31549418868621326,1
ba,300,0.10300480805434506,0.021562962962962964,0.002764432241812084,4.432305658713384,0.6131500611615915,1
ba,300,0.11497623895750755,0.034609259259259256,0.0011266376588176489,5.961098653536543,0.4232939436445449,1
ba,300,0.12694766986067008,0.06338796296296295,0.002149726631103908,5.893294801328358,0.36679980982350213,1
ba,300,0.1341290196286742,0.07241203703703704,0.002936534283173032,5.4454560834264125,0.3588641275096294,1
ba,300,0.13891910076383257,0.08702731481481482,0.004218416113648285,5.350379213155677,1.005970953330423,1
ba,300,0.1799954041828504,0.19022592592592594,0.0014620560949195323,2.414707309048161,0.09230270970657752,1
ba,300,0.24154612936588957,0.310962962962963,0.0025946879759866683,1.3506656990166124,0.06787990942843543,1
ba,300,0.3241445684489426,0.4264162037037037,0.0006024604591373265,0.8689619234160071,0.07050269877148671,1
ba,300,0.020911565903116786,0.0045986111111111115,0.0002499455530559713,0.6553161142745121,0.26344507466281536,2
ba,300,0.02819304279953829,0.005659259259259259,0.000700873124550345,1.2767691489315263,0.4698986971500255,2
ba,300,0.03800995420329228,0.005717129629629629,0.00030886939923563053,1.49776877506355,0.7769400667445405,2
ba,300,0.050187758167480286,0.006488425925925925,0.0007423090554261871,1.110574241156622,0.22272835944606573,2
ba,300,0.05124514685445859,0.0088125,0.0009979251952721405,2.9196945710710844,1.2019489969223136,2
ba,300,0.06185935353811464,0.01074675925925926,0.0007111024204555105,2.3829819524630578,0.2336617567402984,2
ba,300,0.06908887766846004,0.010676388888888888,0.00134068284247642,2.1498864344636086,0.17326283184547633,2
ba,300,0.073530948908749,0.011322222222222221,0.0011017890842169745,2.295123317580786,0.2238928133695886,2
ba,300,0.08520254427938337,0.017725925925925923,0.0011960810397631263,3.462614410474734,0.5840327576391919,2
ba,300,0.09314585498299022,0.023560185185185184,0.0021363648861653806,4.826949142049514,0.5971683391661384,2
ba,300,0.09687413965001773,0.027897222222222223,0.0019292364561173559,5.255484916023555,0.23231649146111663,2
ba,300,0.1085457350206521,0.03858287037037037,0.002377111769611671,5.9047918301214075,0.3199939860902013,2
ba,300,0.12021733039128643,0.05388611111111111,0.0019302186104989299,6.658634508080358,0.4015915689939186,2
ba,300,0.12557955192363782,0.05963055555555556,0.004897221580312232,5.528412805853401,0.32164539147908233,2
ba,300,0.1318889257619208,0.07947777777777779,0.003020040610712394,5.324019424362046,0.39592838762007143,2
ba,300,0.16930677016407783,0.17530833333333332,0.002358296010019383,2.300128332688531,0.1367754915403651,2
ba,300,0.22825995143558328,0.29062037037037036,0.001664780311099639,1.3966989857110121,0.035228902899269894,2
ba,300,0.3077408267778152,0.40575694444444443,0.0005111504586527444,0.9179820573602614,0.010253388007622577,2
ba,600,0.019047517760667033,0.002660185185185185,0.00024267415696017743,1.818164195703608,0.7569629633183336,0
ba,600,0.02566444832170877,0.00412037037037037,0.0009675857256534637,8.741082772456918,6.172814303128292,0
ba,600,0.03458003903363176,0.0031284722222222217,0.00014319626056094275,0.9565330936917362,0.07584331522335237,0
ba,600,0.04571404262560088,0.003559259259259259,0.0002465450567757872,2.454630087519889,0.6923273310124423,0
ba,600,0.046592823059283285,0.003910879629629629,0.00024280759691768688,1.8409416121434519,0.290065132065226,0
ba,600,0.05625236281628263,0.006924074074074074,0.0013268842125575694,5.270657748374586,2.2135116632701504,0
ba,600,0.06277873655730462,0.005818287037037037,0.00014000700907972242,3.7027807933455215,0.947239999535585,0
ba,600,0.06679068300696439,0.007126620370370369,0.0008012227715620909,3.113409544849765,0.28517439554110147,0
ba,600,0.07732900319764614,0.012181018518518518,0.0011157757345570147,5.872212990476261,1.1264857135087112,0
ba,600,0.08458748590350133,0.013392129629629629,0.0010437020238598048,5.47256526420501,0.32129046065570466,0
ba,600,0.0878673233883279,0.01371087962962963,0.0005080623385181485,6.9541013905955245,1.0969577519843527,0
ba,600,0.09840564357900965,0.021666666666666667,0.0024493556572237215,7.334174629434594,0.532588936454016,0
ba,600,0.1089439637696914,0.041873148148148145,0.003238626360514259,9.372737885113281,0.1605673295656637,0
ba,600,0.11397239198886859,0.05162847222222223,0.0037454692828085626,7.95481584393201,0.336334996669648,0
ba,600,0.11948228396037315,0.06728194444444445,0.001677070643605766,6.167155552050344,0.8746427954941033,0
ba,600,0.15356534121942303,0.1527902777777778,0.0013821226904920294,2.6537243086536004,0.3028576786070638,0
ba,600,0.20691251286663398,0.2563916666666667,0.0015378928619161172,1.4721017136392642,0.08141915933081743,0
ba,600,0.27879199590753734,0.37546180555555553,0.0007883502456555048,0.971880937566738,0.059833218632486564,0
ba,600,0.020887115188213994,0.002662962962962963,0.0001973529532520177,2.1919428026039185,1.4203855133925438,1
ba,600,0.028023414117071262,0.002892361111111111,0.0001512098627150508,1.2300996203731418,0.3767802946031119,1
ba,600,0.03759790338208112,0.0032995370370370366,0.0004458370190737742,1.3133902586404576,0.33828403326165435,1
ba,600,0.050129076451713585,0.004644444444444444,0.0008781171206852784,5.2576512730912786,3.7468266685605722,1
ba,600,0.05044361592855209,0.003836342592592592,0.00010334094884876007,2.092113077007566,0.8064669965183747,1
ba,600,0.060980814373424376,0.004770601851851851,0.0004698578206215395,1.9237094998225828,0.22957717181688328,1
ba,600,0.06767819902319311,0.0060870370370370375,0.00037712721610682823,4.367265075800395,1.7222851123550489,1
ba,600,0.07183255229513516,0.006050694444444444,0.00031605722865032145,2.9981612748097772,0.33548405162149464,1
ba,600,0.08268429021684595,0.010320601851851852,0.0009350968952792079,4.585874768913008,0.05944752818710581,1
ba,600,0.09080115568064143,0.015711342592592593,0.0012307405395963432,7.9480216537445845,1.3506924214368348,1
ba,600,0.09353602813855674,0.015210416666666667,0.00037734679009405233,6.107679977508101,0.5388613810714706,1
ba,600,0.10438776606026753,0.030159027777777778,0.0034615759909602272,7.291348283670305,0.2861869490656179,1
ba,600,0.11523950398197833,0.044517129629629636,0.0012760088791594064,7.599978981880963,0.5174553879297441,1
ba,600,0.12182430962908147,0.05805532407407407,0.001454329815970316,7.1615937253863144,1.2952949606961424,1
ba,600,0.12609124190368912,0.07168356481481482,0.002285313158439947,5.413983331393955,0.2965283123761959,1
ba,600,0.16344684498070117,0.16762777777777782,0.0013589708229137373,2.4075920797654633,0.05834169945221063,1
ba,600,0.21929015001590518,0.27457870370370374,0.0015992639928823582,1.4522170640595113,0.09237092512825532,1
ba,600,0.2942128977752746,0.3892525462962963,0.0008354628462345149,0.9412398766430439,0.020089979655460614,1
ba,600,0.017999276410998553,0.0028543981481481476,0.0004319052214801209,1.3540042948213085,0.5929927456161037,2
ba,600,0.02425479216302385,0.003490509259259259,0.000558030031325168,4.279242964964466,2.678975251280559,2
ba,600,0.0326843662733021,0.0037226851851851848,0.00044203864360158415,3.478677558796835,1.9972231093097876,2
ba,600,0.043198263386396527,0.004243287037037037,0.000656410778963598,2.988998081305234,1.7068616083973884,2
ba,600,0.04404357668815362,0.0043861111111111115,0.0008636674686139459,2.029332013513632,0.6085709088522123,2
ba,600,0.053173003843345154,0.0058039351851851845,0.00040147998934139136,3.155713237059247,0.43675279216519564,2
ba,600,0.05935059689591729,0.005247916666666666,0.0007120077751496615,2.452527006094862,0.2773141073954006,2
ba,600,0.06314774430029378,0.00723125,0.0011800816874547593,3.392675432365071,0.7275973368136808,2
ba,600,0.0731224847572424,0.008971527777777776,0.00039608573914177487,4.9203678574292855,0.04957244954221928,2
ba,600,0.07997745907064606,0.013685648148148146,0.0005817756121909041,6.1437193851291045,0.4365151377003531,2
ba,600,0.08309722521419102,0.015589814814814813,0.0012149048516581584,6.78839548756814,0.6208304535809216,2
ba,600,0.09307196567113965,0.01903564814814815,0.0009912705906933187,7.564676184778934,0.4850066427851611,2
ba,600,0.10304670612808828,0.037450000000000004,0.0009682283486433344,6.637175405822259,0.09184456710539712,2
ba,600,0.10777303504822672,0.044371527777777774,0.0005711670190835978,8.880754364152098,1.2214376668178273,2
ba,600,0.1130214465850369,0.05787152777777778,0.0013073807602620533,6.929802013425801,0.3639565932216279,2
ba,600,0.1452287584336289,0.13586666666666666,0.0014386176595822218,3.023428362891913,0.1398074715580375,2
ba,600,0.19570194220414483,0.23669074074074076,0.0011676856587575473,1.6711128424316959,0.15573351332393928,2
ba,600,0.26371670869841946,0.35459675925925926,0.001011560160369896,1.0365781945310935,0.0324673682162744,2
ba,1000,0.018004189540595204,0.001352916666666667,0.0001523455797479017,0.5638568055893789,0.23734469162053273,0
ba,1000,0.02417989242352494,0.002665277777777778,0.00046338270786750054,8.405565644945852,3.9694288510002957,0
ba,1000,0.03247395259280914,0.0020925000000000006,9.559067507081332e-05,1.4991777318127137,0.2737685624872761,0
ba,1000,0.04321005489742849,0.0028650000000000004,0.00024562875982734797,8.507389192089727,5.044145500081934,0
ba,1000,0.04361299787975989,0.0028963888888888893,0.00034130547755983307,4.934613508782714,1.9717423901868358,0
ba,1000,0.052705632945494754,0.0038833333333333337,0.0004274253598835766,6.739681370854887,2.431588769422042,0
ba,1000,0.05857290019204904,0.0033051388888888896,0.0003860710327587282,2.814873231430353,0.3556911232922217,0
ba,1000,0.06220121099356102,0.004864444444444445,0.0002449444591450143,4.72791584594909,0.5761402152975762,0
ba,1000,0.0716967890416273,0.007578472222222223,0.0009496333864564995,7.948828381346807,1.3985546095902115,0
ba,1000,0.07866426991252322,0.008066666666666666,0.0011561499762097096,6.980572135213231,0.6604744741303596,0
ba,1000,0.08119236708969355,0.00976902777777778,0.0009959585869625525,8.8273885822577,0.7358280511224968,0
ba,1000,0.09068794513775982,0.016835833333333335,0.0007408066348006125,9.15827099581523,0.39046729903023764,0
ba,1000,0.10018352318582609,0.03058416666666667,0.0025379435238489663,11.604701706847809,1.1025887521014643,0
ba,1000,0.10564727613932132,0.04036166666666667,0.0021887597842166484,9.778592099979559,1.3524958440796746,0
ba,1000,0.10967910123389235,0.049079027777777784,0.003982542016646133,8.967223602445682,1.5659457456211332,0
ba,1000,0.14188585196391862,0.12472819444444445,0.0010984650105362627,3.179024217534099,0.37019593913797155,0
ba,1000,0.190554794436713,0.23003000000000004,0.0010562752176355144,1.6711240950564628,0.09329982997180179,0
ba,1000,0.2559179028790821,0.33974041666666666,0.0014530388083424822,1.1816723315776962,0.058909658498515094,0
ba,1000,0.017174257562185626,0.0021484722222222226,0.000552717257760918,10.541800054279868,9.119908954643837,1
ba,1000,0.023113807530718747,0.0023047222222222228,0.0003131123219097058,7.087337623199604,4.177182876817413,1
ba,1000,0.03110749309730982,0.002228055555555556,0.0001482368079613424,3.585933282445597,1.1710511033260016,1
ba,1000,0.0412182181492455,0.003239027777777778,0.00040475494129164143,4.431436458820374,1.807186069000249,1
ba,1000,0.04186571708331118,0.0026427777777777777,0.00034777267479394256,2.553226212235989,0.7842264529332353,1
ba,1000,0.05056147700051143,0.003749444444444445,0.00024084951246436208,4.9566250848977145,1.3389988035397964,1
ba,1000,0.0563445682175987,0.0033386111111111116,0.00012352764556206437,2.807862405161657,0.20309554385248227,1
ba,1000,0.05990473585177737,0.0034376388888888894,0.00018303516367620544,3.8035510281600935,0.4160162209522138,1
ba,1000,0.06924799470304331,0.00779027777777778,0.00024669226385370854,9.964764853360354,3.5575270329892907,1
ba,1000,0.07583078921854076,0.008393611111111112,0.0004918361028407872,6.042749202324286,0.6010903433419145,1
ba,1000,0.07859125355430924,0.011007083333333336,0.0013436301171520781,8.815292424836679,0.26012037376832603,1
ba,1000,0.08793451240557518,0.014903611111111112,0.0025581911379230736,8.317575939377823,0.7258884175302842,1
ba,1000,0.09727777125684112,0.027279027777777777,0.0011164902056768928,12.674395379894131,1.4178006505913583,1
ba,1000,0.10205613026085285,0.03633416666666667,0.0028463419099817437,10.375944274184224,1.3915027637431037,1
ba,1000,0.10662103010810706,0.04673319444444445,0.003220456807044474,9.157712455902747,2.155182919869921,1
ba,1000,0.1373512504769443,0.12249763888888889,0.001391027545542809,3.321206712429477,0.26078780675635926,1
ba,1000,0.18485284479590697,0.22051736111111114,0.001424403137853016,1.5502719396048248,0.03800791710089977,1
ba,1000,0.24878240358558312,0.3327779166666667,0.0005704375430172229,1.1288235724443134,0.0669114085755436,1
ba,1000,0.017524842973657074,0.0024804166666666672,0.0003117773434403406,8.666222619801054,2.970632101351833,2
ba,1000,0.023574436275681357,0.002002083333333334,0.00023805716268527057,5.027338072773269,1.6384989106494108,2
ba,1000,0.031712355229177085,0.0026522222222222225,0.0004801209231256696,6.385970793253614,4.2412219240479,2
ba,1000,0.042059623136776976,0.002591666666666667,0.00041266828466544924,2.1713754868213337,0.3315184462687513,2
ba,1000,0.042659491935293344,0.002462083333333334,0.00021733602387469624,2.240264437342282,0.5377376747740196,2
ba,1000,0.051527291541519846,0.0034062500000000004,0.0005167039699297386,3.8062708237944767,1.049922416412491,2
ba,1000,0.05738559116867521,0.004383333333333334,0.0005168049894489618,3.963835518766001,0.4755097704820787,2
ba,1000,0.06099495994626272,0.004889027777777778,0.0008782552432957877,8.738135670104311,3.717701113700224,2
ba,1000,0.07046262835100559,0.0070391666666666675,0.001179972394093627,5.48161047873635,0.6970425201679604,2
ba,1000,0.07719515456896155,0.0077776388888888895,0.000860527352160797,6.161902916811272,0.19767334436651565,2
ba,1000,0.07993029675574846,0.010891111111111112,0.0012187710323182557,8.078346771137303,0.3491764433000493,2
ba,1000,0.08939796516049134,0.01679013888888889,0.0016742628955961367,9.547631223410754,0.6202126920500817,2
ba,1000,0.0988656335652342,0.03337222222222223,0.0027407739268511364,10.170241163046107,1.1438407801174606,2
ba,1000,0.1038429990450063,0.03932458333333334,0.001800349522749343,11.023286377393388,1.5446261679732516,2
ba,1000,0.10833330196997706,0.050017777777777786,0.0017934233564306414,8.062173460097888,0.651790583516402,2
ba,1000,0.13968970605568204,0.12573569444444443,0.0007621570730917533,3.004238439943581,0.21813203916859694,2
ba,1000,0.1879107321377119,0.22851013888888888,0.0006361706415213917,1.6377154894711712,0.08082893069390497,2
ba,1000,0.25277770459661314,0.33847777777777777,0.0004715274300440479,1.129464070640396,0.062195480485256596,2
