n,rho,alpha,p,n_trials,n_samples,mean_overlap,sem_overlap,ci_lo,ci_hi,mean_sweeps_used
100,0.0,0.01,2,20,40,1.0,0.0,1.0,1.0,2.0
100,0.0,0.02,2,20,40,1.0,0.0,1.0,1.0,2.0
100,0.0,0.03,3,20,60,1.0,0.0,1.0,1.0,2.0
100,0.0,0.04,4,20,80,1.0,0.0,1.0,1.0,2.0
100,0.0,0.048,5,20,100,1.0,0.0,1.0,1.0,2.0
100,0.0,0.05,5,20,100,1.0,0.0,1.0,1.0,2.0
100,0.0,0.06,6,20,100,1.0,0.0,1.0,1.0,2.0
100,0.0,0.0657,7,20,100,1.0,0.0,1.0,1.0,2.0
100,0.0,0.068,7,20,100,1.0,0.0,1.0,1.0,2.05
100,0.0,0.07,7,20,100,1.0,0.0,1.0,1.0,2.0
100,0.0,0.08,8,20,100,0.9987999999999999,0.0007423685817106702,0.9972,1.0,2.2
100,0.0,0.088,9,20,100,0.9998,0.00020000000000000017,0.9994,1.0,2.1
100,0.0,0.09,9,20,100,0.9998,0.00020000000000000017,0.9994,1.0,2.0
100,0.0,0.1,10,20,100,0.9942,0.003806374239152642,0.9858,0.9998,2.7
100,0.0,0.108,11,20,100,0.9932,0.0029435085228757918,0.9868000000000001,0.9982000000000001,2.85
100,0.0,0.11,11,20,100,0.9792000000000001,0.008866780587101386,0.9604,0.9938000000000001,2.7
100,0.0,0.1114,11,20,100,0.9954000000000001,0.001945832116669531,0.9912000000000001,0.9986,2.25
100,0.0,0.12,12,20,100,0.991,0.0043889208539943225,0.9812000000000001,0.9978,2.7
100,0.0,0.128,13,20,100,0.9782,0.005021931698041898,0.9678000000000001,0.9875999999999999,3.4
100,0.0,0.13,13,20,100,0.981,0.007154146922017901,0.9649949999999998,0.9935999999999998,3.15
100,0.0,0.14,14,20,100,0.9602,0.009536723279465064,0.9401949999999999,0.977,3.65
100,0.0,0.148,15,20,100,0.9462,0.01261294829318128,0.9212,0.9683999999999999,4.75
100,0.0,0.15,15,20,100,0.9618000000000001,0.009158955434243833,0.9429949999999999,0.9773999999999999,3.75
100,0.0,0.1571,16,20,100,0.9406,0.0127555256396369,0.9131949999999999,0.9638000000000001,4.55
100,0.0,0.16,16,20,100,0.9181999999999999,0.016280607538362375,0.8846,0.9488049999999999,6.35
100,0.0,0.168,17,20,100,0.9224000000000001,0.014028196713416268,0.8928000000000001,0.9475999999999999,5.9
100,0.0,0.17,17,20,100,0.912,0.01684150716641369,0.875595,0.9434,6.85
100,0.0,0.18,18,20,100,0.8523999999999999,0.02010433392142705,0.8121900000000001,0.8917999999999998,7.55
100,0.0,0.188,19,20,100,0.8436,0.022144393001709065,0.7975850000000001,0.886005,7.15
100,0.0,0.19,19,20,100,0.8780000000000001,0.0193207900794178,0.8403949999999999,0.9136050000000001,6.9
100,0.0,0.2,20,20,100,0.8373999999999999,0.02204614994217193,0.7955949999999998,0.8782,6.8
100,0.0,0.2029,20,20,100,0.8628,0.01919810596718522,0.8243949999999998,0.8988,6.6
100,0.0,0.208,21,20,100,0.8046000000000001,0.022139785477960278,0.76118,0.8472,7.1
100,0.0,0.21,21,20,100,0.7892,0.022873247573212126,0.7445949999999999,0.8332049999999999,7.3
100,0.0,0.22,22,20,100,0.7652,0.024083390479118526,0.7185949999999999,0.8104049999999999,7.65
100,0.0,0.228,23,20,100,0.7190000000000001,0.02459428364231794,0.6705949999999998,0.7688100000000001,9.1
100,0.0,0.23,23,20,100,0.6934,0.024837337484789578,0.641795,0.739605,8.6
100,0.0,0.24,24,20,100,0.6842,0.02541024210904737,0.632395,0.7330049999999999,8.5
100,0.0,0.2486,25,20,100,0.6378,0.024929630254908807,0.5886,0.6880049999999998,8.95
100,0.0,0.25,25,20,100,0.6314,0.027140122745232066,0.583195,0.6816,9.1
100,0.0,0.2943,29,20,100,0.5826,0.02304962586519036,0.53918,0.6259999999999999,10.0
100,0.0,0.34,34,20,100,0.4794,0.022069596070319702,0.436595,0.5214,10.65
100,0.1,0.01,2,20,40,1.0,0.0,1.0,1.0,2.0
100,0.1,0.02,2,20,40,1.0,0.0,1.0,1.0,2.0
100,0.1,0.03,3,20,60,1.0,0.0,1.0,1.0,2.0
100,0.1,0.0342,3,20,60,1.0,0.0,1.0,1.0,2.0
100,0.1,0.04,4,20,80,1.0,0.0,1.0,1.0,2.0
100,0.1,0.05,5,20,100,1.0,0.0,1.0,1.0,2.0
100,0.1,0.0542,5,20,100,1.0,0.0,1.0,1.0,2.0
100,0.1,0.06,6,20,100,0.9994,0.0004454030067072277,0.9984000000000001,1.0,2.1
100,0.1,0.0657,7,20,100,0.9994,0.0004454030067072276,0.9984000000000001,1.0,2.05
100,0.1,0.07,7,20,100,0.9811999999999999,0.00898852242326487,0.9615949999999998,0.996,2.75
100,0.1,0.0742,7,20,100,0.9902000000000001,0.005033182819342974,0.9790000000000001,0.9986,2.6
100,0.1,0.08,8,20,100,0.9852000000000001,0.0067487073210393805,0.9698000000000002,0.9962000000000001,2.9
100,0.1,0.09,9,20,100,0.9884000000000001,0.0070620911430773325,0.9721949999999999,0.9987999999999999,2.65
100,0.1,0.0942,9,20,100,0.9594,0.013625451526203794,0.931595,0.9834,3.85
100,0.1,0.1,10,20,100,0.8885999999999998,0.02187061124805698,0.845595,0.9287999999999998,4.55
100,0.1,0.11,11,20,100,0.8769999999999999,0.020903578544344888,0.8344,0.916805,5.3
100,0.1,0.1114,11,20,100,0.9032000000000001,0.019030480601371892,0.863195,0.9378049999999998,4.55
100,0.1,0.1142,11,20,100,0.8874000000000001,0.019936576203226843,0.8442000000000002,0.9256,4.95
100,0.1,0.12,12,20,100,0.9085999999999999,0.02035097098916954,0.8667949999999999,0.946,4.6
100,0.1,0.13,13,20,100,0.8223999999999999,0.02549276783955034,0.7689949999999999,0.8704000000000001,6.1
100,0.1,0.1342,13,20,100,0.7888000000000001,0.028251854323694803,0.7318000000000001,0.84161,6.75
100,0.1,0.14,14,20,100,0.8362,0.02434880371649175,0.787595,0.8838050000000001,7.35
100,0.1,0.15,15,20,100,0.7265999999999999,0.029285160167917917,0.669985,0.7832000000000001,7.1
100,0.1,0.1542,15,20,100,0.7604000000000001,0.025535050183596426,0.71158,0.807405,6.9
100,0.1,0.1571,16,20,100,0.6015999999999999,0.03019623362693641,0.5425949999999999,0.6608049999999999,8.9
100,0.1,0.16,16,20,100,0.7232000000000001,0.028119111729292667,0.66678,0.7782099999999998,6.7
100,0.1,0.17,17,20,100,0.5279999999999999,0.027772524755828937,0.4757900000000001,0.58221,8.45
100,0.1,0.1742,17,20,100,0.5998,0.03061193402989274,0.541375,0.6581999999999999,7.85
100,0.1,0.18,18,20,100,0.4886,0.028917514178480597,0.430195,0.5432049999999999,9.0
100,0.1,0.19,19,20,100,0.5264,0.028841440443720678,0.47080000000000005,0.5816049999999999,8.8
100,0.1,0.1942,19,20,100,0.47119999999999995,0.025976399545228228,0.4219899999999999,0.520205,9.65
100,0.1,0.2,20,20,100,0.3824000000000001,0.022421634573993415,0.33879999999999993,0.4262050000000001,9.3
100,0.1,0.2029,20,20,100,0.43999999999999995,0.025898012871783633,0.39219499999999996,0.49340500000000004,8.9
100,0.1,0.21,21,20,100,0.43640000000000007,0.02447902420977246,0.38800000000000007,0.48440500000000003,7.85
100,0.1,0.2142,21,20,100,0.42119999999999996,0.023228022087577967,0.378995,0.46720499999999987,8.7
100,0.1,0.22,22,20,100,0.4023999999999999,0.023726182102726038,0.357395,0.44820499999999996,8.4
100,0.1,0.23,23,20,100,0.3918,0.022969624210326917,0.34858000000000006,0.4374,7.9
100,0.1,0.24,24,20,100,0.3926,0.02188981590612494,0.351795,0.4397999999999999,8.55
100,0.1,0.2486,25,20,100,0.37020000000000003,0.022335359473898843,0.32820000000000005,0.413205,8.65
100,0.1,0.25,25,20,100,0.34240000000000004,0.018773030300584578,0.30759499999999995,0.37960499999999997,8.8
100,0.1,0.2943,29,20,100,0.2864,0.014765178801846765,0.25860000000000005,0.315205,8.25
100,0.1,0.34,34,20,100,0.28740000000000004,0.01335045869903905,0.26139999999999997,0.3142,7.5
100,0.2,0.01,2,20,40,1.0,0.0,1.0,1.0,2.0
100,0.2,0.02,2,20,40,1.0,0.0,1.0,1.0,2.0
100,0.2,0.0204,2,20,40,1.0,0.0,1.0,1.0,2.0
100,0.2,0.03,3,20,60,1.0,0.0,1.0,1.0,2.0
100,0.2,0.04,4,20,80,1.0,0.0,1.0,1.0,2.0
100,0.2,0.0404,4,20,80,0.9957499999999999,0.002991417047047619,0.9890000000000001,1.0,2.05
100,0.2,0.05,5,20,100,0.9978,0.0016054201124234544,0.9941949999999999,1.0,2.05
100,0.2,0.06,6,20,100,0.9584000000000001,0.009617660523193463,0.9389949999999999,0.9765999999999999,3.15
100,0.2,0.0604,6,20,100,0.9739999999999999,0.00810287391340663,0.9566,0.9884000000000001,2.6
100,0.2,0.0657,7,20,100,0.8326,0.021734216379160336,0.7903849999999999,0.8737999999999999,4.45
100,0.2,0.07,7,20,100,0.8558,0.02104405192001106,0.8121899999999999,0.8946049999999999,4.35
100,0.2,0.08,8,20,100,0.7628,0.02435597949937011,0.7116,0.81261,5.15
100,0.2,0.0804,8,20,100,0.7802000000000001,0.025388289673100323,0.7289999999999999,0.8288,5.35
100,0.2,0.09,9,20,100,0.7624000000000001,0.025476913692853993,0.7120000000000001,0.812,5.9
100,0.2,0.1,10,20,100,0.6463999999999999,0.028965852413844233,0.58899,0.70522,6.55
100,0.2,0.1004,10,20,100,0.5984000000000002,0.025032794651832384,0.5489949999999999,0.646005,7.05
100,0.2,0.11,11,20,100,0.531,0.025965594952015274,0.4815900000000001,0.581815,6.7
100,0.2,0.1114,11,20,100,0.5292000000000001,0.02519005736196307,0.4819950000000001,0.5778,7.75
100,0.2,0.12,12,20,100,0.48839999999999995,0.022823309013888286,0.44398999999999994,0.5386049999999999,6.5
100,0.2,0.1204,12,20,100,0.4472,0.019613477122848076,0.4106,0.4874049999999999,6.55
100,0.2,0.13,13,20,100,0.447,0.02016171990418847,0.40919000000000005,0.48760499999999996,6.75
100,0.2,0.14,14,20,100,0.3984000000000001,0.016967419760627524,0.3657850000000001,0.43200500000000003,6.5
100,0.2,0.1404,14,20,100,0.4102,0.01724100116617713,0.37938,0.4458100000000001,6.4
100,0.2,0.15,15,20,100,0.38060000000000005,0.013325618980449696,0.35420000000000007,0.40620500000000004,6.85
100,0.2,0.1571,16,20,100,0.4019999999999999,0.016336116027645214,0.3696000000000001,0.43519999999999986,6.65
100,0.2,0.16,16,20,100,0.3854000000000001,0.014289517242730875,0.3582,0.4132,5.9
100,0.2,0.1604,16,20,100,0.376,0.017093917637628308,0.344195,0.409005,6.35
100,0.2,0.17,17,20,100,0.352,0.014688688701091593,0.32300000000000006,0.381205,6.35
100,0.2,0.18,18,20,100,0.35259999999999997,0.01454121276533937,0.32539499999999993,0.3836,5.9
100,0.2,0.1804,18,20,100,0.39059999999999995,0.01491918973075355,0.3636000000000001,0.42001000000000005,5.6
100,0.2,0.19,19,20,100,0.348,0.01464461151634438,0.32139499999999993,0.37540000000000007,5.8
100,0.2,0.2,20,20,100,0.3736,0.013305668268854747,0.34740000000000004,0.3998050000000001,6.25
100,0.2,0.2004,20,20,100,0.366,0.014367471678212642,0.33919499999999997,0.39561999999999986,5.6
100,0.2,0.2029,20,20,100,0.33000000000000007,0.01204201399310352,0.3074,0.35359999999999997,6.1
100,0.2,0.21,21,20,100,0.3362000000000001,0.011657381586554738,0.3138,0.35860500000000006,5.95
100,0.2,0.22,22,20,100,0.35960000000000003,0.013513868671281607,0.33519499999999997,0.38599999999999995,5.8
100,0.2,0.23,23,20,100,0.33919999999999995,0.011241769155136291,0.31679999999999997,0.3618,5.0
100,0.2,0.24,24,20,100,0.3332,0.013327938302450961,0.3074,0.35821,6.05
100,0.2,0.2486,25,20,100,0.3413999999999999,0.010675204916066015,0.32099500000000003,0.36140500000000003,5.15
100,0.2,0.25,25,20,100,0.33419999999999994,0.01212825401508995,0.311195,0.3585999999999999,5.2
100,0.2,0.2943,29,20,100,0.33059999999999995,0.011635733884474284,0.30779999999999996,0.35340000000000005,5.05
100,0.2,0.34,34,20,100,0.33759999999999996,0.01250867981471549,0.3138,0.3611999999999999,4.95
100,0.3,0.01,2,20,40,1.0,0.0,1.0,1.0,2.0
100,0.3,0.02,2,20,40,1.0,0.0,1.0,1.0,2.0
100,0.3,0.0296,3,20,60,1.0,0.0,1.0,1.0,2.0
100,0.3,0.03,3,20,60,1.0,0.0,1.0,1.0,2.0
100,0.3,0.04,4,20,80,0.9899999999999999,0.0052046717086610475,0.9799999999999999,0.998,2.15
100,0.3,0.0492,5,20,100,0.9703999999999999,0.008406250680597773,0.952795,0.9853999999999999,2.5
100,0.3,0.05,5,20,100,0.929,0.013037242690450193,0.902795,0.952005,2.95
100,0.3,0.06,6,20,100,0.778,0.020797241464320514,0.7353949999999998,0.8194,4.1
100,0.3,0.0657,7,20,100,0.6637999999999998,0.022294076760114075,0.6199950000000001,0.7072099999999999,5.05
100,0.3,0.0689,7,20,100,0.638,0.021423106566263797,0.5989949999999998,0.6794049999999999,5.2
100,0.3,0.07,7,20,100,0.623,0.021139985569980643,0.58279,0.6640149999999999,5.6
100,0.3,0.08,8,20,100,0.5486,0.018302188421336425,0.5144,0.585605,5.7
100,0.3,0.0885,9,20,100,0.48160000000000003,0.012994730866894871,0.4556,0.506605,5.35
100,0.3,0.09,9,20,100,0.515,0.016637246761347858,0.4820000000000001,0.54861,5.95
100,0.3,0.1,10,20,100,0.47,0.015393820090208182,0.44239,0.5032,5.8
100,0.3,0.1081,11,20,100,0.4592,0.013220492204960226,0.434795,0.48700000000000004,5.25
100,0.3,0.11,11,20,100,0.43079999999999996,0.014886560951734185,0.40220000000000006,0.45881,5.35
100,0.3,0.1114,11,20,100,0.43979999999999997,0.012135580877416756,0.41620000000000007,0.4636049999999999,5.2
100,0.3,0.12,12,20,100,0.4476,0.012788188995232194,0.4224,0.475205,5.05
100,0.3,0.1277,13,20,100,0.4194,0.013389140783078313,0.3924,0.4468000000000001,5.45
100,0.3,0.13,13,20,100,0.42879999999999996,0.011628317925554745,0.4050000000000001,0.4530099999999999,5.05
100,0.3,0.14,14,20,100,0.4192,0.013131564255563,0.393995,0.445605,4.95
100,0.3,0.1474,15,20,100,0.4353999999999999,0.011395037019986759,0.4131950000000001,0.458,4.5
100,0.3,0.15,15,20,100,0.42560000000000003,0.011206347407707035,0.4004,0.4472,4.8
100,0.3,0.1571,16,20,100,0.4122,0.01172373919046567,0.3894,0.43380499999999994,5.1
100,0.3,0.16,16,20,100,0.42080000000000006,0.01104232445153326,0.399595,0.4424,5.0
100,0.3,0.167,17,20,100,0.4142,0.009670511252192817,0.3952000000000001,0.43399999999999994,4.9
100,0.3,0.17,17,20,100,0.40619999999999995,0.01072595266659613,0.38639500000000004,0.42739999999999995,4.7
100,0.3,0.18,18,20,100,0.41759999999999997,0.011361035661995403,0.39459500000000003,0.43920000000000003,5.05
100,0.3,0.1866,19,20,100,0.4232000000000001,0.011226663787518526,0.40019000000000005,0.445,4.35
100,0.3,0.19,19,20,100,0.38819999999999993,0.011741646504058222,0.36439000000000005,0.411005,4.9
100,0.3,0.2,20,20,100,0.4086000000000001,0.010818073168115802,0.38739000000000007,0.43040500000000004,4.7
100,0.3,0.2029,20,20,100,0.42739999999999995,0.010653988677836802,0.4064,0.44839999999999997,4.2
100,0.3,0.21,21,20,100,0.423,0.010075974023649152,0.40359500000000004,0.44220499999999996,4.65
100,0.3,0.22,22,20,100,0.4008,0.010842937467738756,0.37900000000000006,0.42280500000000004,4.45
100,0.3,0.23,23,20,100,0.419,0.010059921480907305,0.39880000000000004,0.439,4.5
100,0.3,0.24,24,20,100,0.405,0.010227216610395988,0.384795,0.4262,5.0
100,0.3,0.2486,25,20,100,0.4209999999999999,0.010959521481849064,0.3998,0.442,4.6
100,0.3,0.25,25,20,100,0.4050000000000001,0.010337242662266658,0.384595,0.42599999999999993,4.35
100,0.3,0.2943,29,20,100,0.40220000000000006,0.00973547091513266,0.38260000000000005,0.42140500000000003,4.05
100,0.3,0.34,34,20,100,0.38359999999999994,0.008605283789097782,0.3664,0.3996,4.3
100,0.4,0.01,2,20,40,1.0,0.0,1.0,1.0,2.0
100,0.4,0.02,2,20,40,1.0,0.0,1.0,1.0,2.0
100,0.4,0.0281,3,20,60,1.0,0.0,1.0,1.0,2.0
100,0.4,0.03,3,20,60,1.0,0.0,1.0,1.0,2.0
100,0.4,0.04,4,20,80,0.9477499999999999,0.010141366285002347,0.9247437500000001,0.96675625,2.35
100,0.4,0.0462,5,20,100,0.7617999999999999,0.018492903361762174,0.7271949999999999,0.7994050000000001,3.7
100,0.4,0.05,5,20,100,0.8264000000000001,0.01817953116929459,0.7922000000000002,0.86,3.85
100,0.4,0.06,6,20,100,0.6276,0.014212755687846895,0.600595,0.6558049999999999,4.5
100,0.4,0.0643,6,20,100,0.664,0.017569486864643165,0.632195,0.69861,4.9
100,0.4,0.0657,7,20,100,0.5512,0.013178862782593354,0.5257999999999999,0.578405,4.35
100,0.4,0.07,7,20,100,0.555,0.012627931202879056,0.53219,0.5808,4.45
100,0.4,0.08,8,20,100,0.5352000000000001,0.01294313905066497,0.5093949999999999,0.560205,4.5
100,0.4,0.0824,8,20,100,0.5501999999999999,0.013046908376386269,0.5254,0.575005,4.5
100,0.4,0.09,9,20,100,0.5058000000000001,0.012729652014255553,0.4809950000000001,0.5307999999999999,4.4
100,0.4,0.1,10,20,100,0.4758,0.012267374814869106,0.45219000000000004,0.5004,4.7
100,0.4,0.1004,10,20,100,0.4886000000000001,0.011827907420139623,0.46619,0.510605,4.75
100,0.4,0.11,11,20,100,0.48100000000000004,0.009544684913657973,0.4622,0.4994050000000001,4.6
100,0.4,0.1114,11,20,100,0.5046,0.010605335040116898,0.48300000000000004,0.5257999999999999,4.1
100,0.4,0.1185,12,20,100,0.46219999999999994,0.011465873827417717,0.43980000000000014,0.48580000000000007,4.2
100,0.4,0.12,12,20,100,0.49879999999999997,0.010752758631245201,0.47759500000000005,0.519605,4.8
100,0.4,0.13,13,20,100,0.4584,0.01072212853886953,0.4379949999999999,0.47979999999999995,4.8
100,0.4,0.1366,14,20,100,0.493,0.010345056888205209,0.4732,0.5128,4.25
100,0.4,0.14,14,20,100,0.4854,0.009989307414744159,0.4665949999999999,0.5046,4.0
100,0.4,0.15,15,20,100,0.5128,0.0092835033442895,0.4944000000000001,0.5304049999999999,3.6
100,0.4,0.1547,15,20,100,0.48460000000000003,0.009380206971505631,0.4664,0.5028,3.75
100,0.4,0.1571,16,20,100,0.47139999999999993,0.010522721927698974,0.449795,0.4936,4.2
100,0.4,0.16,16,20,100,0.47440000000000004,0.00991715175793428,0.45380000000000004,0.4946,4.2
100,0.4,0.17,17,20,100,0.47220000000000006,0.00968136813104888,0.45280000000000004,0.49160500000000007,3.8
100,0.4,0.1728,17,20,100,0.45940000000000003,0.008973383763197479,0.44220000000000004,0.4768,3.8
100,0.4,0.18,18,20,100,0.47059999999999996,0.010215674231297708,0.449395,0.4908049999999999,4.15
100,0.4,0.19,19,20,100,0.45960000000000006,0.01037082153900738,0.43940000000000007,0.48,4.3
100,0.4,0.2,20,20,100,0.47300000000000003,0.009979271445644648,0.45439499999999994,0.49180000000000007,3.8
100,0.4,0.2029,20,20,100,0.4832,0.010816074830892893,0.462995,0.50441,4.05
100,0.4,0.21,21,20,100,0.46560000000000007,0.01001041881483911,0.4462000000000001,0.4859999999999999,3.8
100,0.4,0.22,22,20,100,0.4894000000000001,0.00871295331994586,0.47219000000000005,0.506,3.85
100,0.4,0.23,23,20,100,0.46699999999999997,0.010395706184319902,0.446,0.48620999999999986,3.6
100,0.4,0.24,24,20,100,0.44839999999999997,0.010541615462805336,0.42780000000000007,0.4694,3.9
100,0.4,0.2486,25,20,100,0.45059999999999995,0.010870978880403632,0.42899500000000007,0.47120000000000006,3.8
100,0.4,0.25,25,20,100,0.44179999999999997,0.01057572979070762,0.42139499999999996,0.46220000000000006,3.65
100,0.4,0.2943,29,20,100,0.46880000000000005,0.008904975342952155,0.45139500000000016,0.48580000000000007,3.7
100,0.4,0.34,34,20,100,0.4588000000000001,0.009647609218680225,0.439795,0.4766,3.6
100,0.5,0.01,2,20,40,1.0,0.0,1.0,1.0,2.0
100,0.5,0.02,2,20,40,1.0,0.0,1.0,1.0,2.0
100,0.5,0.0266,3,20,60,0.9953333333333333,0.0033061034694424093,0.9886666666666666,1.0,2.0
100,0.5,0.03,3,20,60,0.997,0.003000000000000002,0.991,1.0,2.05
100,0.5,0.04,4,20,80,0.9032499999999999,0.010478692968548793,0.88174375,0.9225062500000001,2.2
100,0.5,0.0431,4,20,80,0.8640000000000001,0.011988391009111346,0.8382437500000001,0.8877499999999999,2.55
100,0.5,0.05,5,20,100,0.6854,0.015928768206162604,0.6559949999999999,0.7180049999999999,4.0
100,0.5,0.0597,6,20,100,0.6476,0.01175432007408512,0.622995,0.6696,4.15
100,0.5,0.06,6,20,100,0.6279999999999999,0.013411889795207382,0.6001949999999999,0.6541999999999999,4.65
100,0.5,0.0657,7,20,100,0.5833999999999999,0.010070679513249633,0.5641950000000001,0.6028049999999999,3.75
100,0.5,0.07,7,20,100,0.5745999999999999,0.006944833120436161,0.5604,0.588005,3.7
100,0.5,0.0762,8,20,100,0.5730000000000001,0.011446405637587812,0.5489949999999999,0.5944,4.35
100,0.5,0.08,8,20,100,0.5596000000000001,0.011922239637744157,0.536,0.5816,4.6
100,0.5,0.09,9,20,100,0.5589999999999999,0.009080448527167887,0.5416,0.577205,3.75
100,0.5,0.0928,9,20,100,0.5648,0.007914288318981031,0.5494,0.5798000000000001,3.75
100,0.5,0.1,10,20,100,0.54,0.010327955589886443,0.5203949999999999,0.5604049999999999,4.35
100,0.5,0.1093,11,20,100,0.5534,0.010514271205837282,0.5322,0.5728,3.65
100,0.5,0.11,11,20,100,0.53,0.009326837566394035,0.5108,0.54881,3.6
100,0.5,0.1114,11,20,100,0.5403999999999999,0.008939663067340725,0.5232000000000001,0.558205,3.65
100,0.5,0.12,12,20,100,0.5601999999999999,0.01043496453508515,0.54,0.579805,3.75
100,0.5,0.1259,13,20,100,0.52,0.009793834382875377,0.500595,0.5393999999999999,3.85
100,0.5,0.13,13,20,100,0.5458000000000001,0.009386407537745549,0.5268,0.5634049999999999,3.45
100,0.5,0.14,14,20,100,0.5484,0.01008721563127899,0.5287900000000001,0.5688,3.85
100,0.5,0.1424,14,20,100,0.5419999999999999,0.009804142600003946,0.5228,0.5606,3.85
100,0.5,0.15,15,20,100,0.5388000000000001,0.008742419515780458,0.5218,0.5562,3.4
100,0.5,0.1571,16,20,100,0.5196,0.009639900246770024,0.5010000000000001,0.5379999999999999,3.85
100,0.5,0.159,16,20,100,0.5369999999999999,0.010442241332223844,0.51619,0.5575999999999999,3.5
100,0.5,0.16,16,20,100,0.5451999999999999,0.009713554000114031,0.526195,0.5638,4.0
100,0.5,0.17,17,20,100,0.5429999999999999,0.010023709267269651,0.522995,0.5628049999999999,3.75
100,0.5,0.18,18,20,100,0.5154,0.00817908147271891,0.4991949999999999,0.5306,3.8
100,0.5,0.19,19,20,100,0.5328,0.010231739092084241,0.5118,0.5526,3.4
100,0.5,0.2,20,20,100,0.5208,0.00947903587988363,0.5016000000000002,0.5386,3.65
100,0.5,0.2029,20,20,100,0.5366,0.008199802904751289,0.520595,0.5526000000000001,3.65
100,0.5,0.21,21,20,100,0.5248,0.009577414509504572,0.5055949999999999,0.5424,3.3
100,0.5,0.22,22,20,100,0.5224,0.008818163074019442,0.504,0.5394,3.3
100,0.5,0.23,23,20,100,0.5244000000000001,0.008231891666199235,0.5078,0.5408,3.5
100,0.5,0.24,24,20,100,0.5279999999999999,0.00894878807888577,0.5103949999999999,0.5458000000000001,3.6
100,0.5,0.2486,25,20,100,0.491,0.008400937898577609,0.4742,0.507205,3.55
100,0.5,0.25,25,20,100,0.5256,0.009428433249238897,0.507,0.5442,3.25
100,0.5,0.2943,29,20,100,0.5288,0.008707688463871361,0.5124,0.5452,3.35
100,0.5,0.34,34,20,100,0.5226,0.008920094215202035,0.504395,0.5391999999999999,3.1
200,0.0,0.005,2,20,40,1.0,0.0,1.0,1.0,2.0
200,0.0,0.01,2,20,40,1.0,0.0,1.0,1.0,2.0
200,0.0,0.015,3,20,60,1.0,0.0,1.0,1.0,2.0
200,0.0,0.02,4,20,80,1.0,0.0,1.0,1.0,2.0
200,0.0,0.025,5,20,100,1.0,0.0,1.0,1.0,2.0
200,0.0,0.03,6,20,100,1.0,0.0,1.0,1.0,2.0
200,0.0,0.035,7,20,100,1.0,0.0,1.0,1.0,2.0
200,0.0,0.04,8,20,100,1.0,0.0,1.0,1.0,2.0
200,0.0,0.045,9,20,100,1.0,0.0,1.0,1.0,2.0
200,0.0,0.048,10,20,100,1.0,0.0,1.0,1.0,2.0
200,0.0,0.05,10,20,100,1.0,0.0,1.0,1.0,2.05
200,0.0,0.055,11,20,100,0.9997,0.00022270150335361384,0.9992,1.0,2.1
200,0.0,0.06,12,20,100,1.0,0.0,1.0,1.0,2.0
200,0.0,0.065,13,20,100,1.0,0.0,1.0,1.0,2.0
200,0.0,0.0657,13,20,100,1.0,0.0,1.0,1.0,2.0
200,0.0,0.068,14,20,100,0.9999000000000001,0.00010000000000000011,0.9997,1.0,2.2
200,0.0,0.07,14,20,100,0.9999000000000001,0.00010000000000000011,0.9997,1.0,2.2
200,0.0,0.075,15,20,100,0.9996,0.00040000000000000034,0.9987999999999999,1.0,2.1
200,0.0,0.08,16,20,100,0.9996,0.0003152680437246051,0.9989,1.0,2.1
200,0.0,0.085,17,20,100,0.9997,0.0002227015033536139,0.9992,1.0,2.2
200,0.0,0.088,18,20,100,0.9992,0.00036735472631980006,0.9984000000000001,0.9998,2.4
200,0.0,0.09,18,20,100,0.9992000000000002,0.0003387439663632032,0.9984999999999999,0.9998,2.4
200,0.0,0.095,19,20,100,0.9971000000000001,0.0016835208416418328,0.9933,0.9996,2.85
200,0.0,0.1,20,20,100,0.9954,0.0018717463352266358,0.9913975,0.9984999999999999,3.1
200,0.0,0.105,21,20,100,0.9915999999999999,0.005885644236683701,0.9782000000000001,0.9990000000000001,3.45
200,0.0,0.108,22,20,100,0.9910000000000001,0.003942772444036625,0.9822974999999999,0.9973000000000001,3.2
200,0.0,0.11,22,20,100,0.9971000000000001,0.0011485168301295842,0.9945000000000002,0.9989000000000001,2.65
200,0.0,0.1114,22,20,100,0.9906,0.003017859298820067,0.9839999999999999,0.9956,3.15
200,0.0,0.115,23,20,100,0.9841,0.006680432756804143,0.9700975,0.9956,4.15
200,0.0,0.12,24,20,100,0.9892,0.003268088744266905,0.982,0.9948999999999999,3.65
200,0.0,0.125,25,20,100,0.9796,0.007362092368369473,0.963395,0.9917025,4.6
200,0.0,0.128,26,20,100,0.9708,0.009360005180003746,0.9497974999999999,0.9867999999999999,5.2
200,0.0,0.148,30,20,100,0.9449000000000001,0.011635451747729323,0.9216975,0.9656025,7.15
200,0.0,0.1571,31,20,100,0.8659,0.02158099378919546,0.8242975,0.9059074999999999,10.1
200,0.0,0.168,34,20,100,0.8639,0.020929846746894375,0.8197975000000001,0.9048025,8.65
200,0.0,0.188,38,20,100,0.7327000000000001,0.025496228677349065,0.683995,0.7811049999999999,13.4
200,0.0,0.2029,41,20,100,0.6715000000000002,0.025339462974545923,0.6227875,0.7241024999999999,14.05
200,0.0,0.208,42,20,100,0.7379000000000001,0.02444755053727729,0.6902949999999999,0.7863100000000001,11.3
200,0.0,0.228,46,20,100,0.5678,0.02467386463364821,0.5185949999999999,0.6158075,13.65
200,0.0,0.2486,50,20,100,0.5249,0.018569821830816867,0.48809749999999996,0.5617024999999999,14.35
200,0.0,0.2943,59,20,100,0.46020000000000005,0.018627654037733653,0.42669749999999995,0.4982000000000001,13.75
200,0.0,0.34,68,20,100,0.40080000000000005,0.014853275664977003,0.3720925000000001,0.4315025,13.9
200,0.1,0.005,2,20,40,1.0,0.0,1.0,1.0,2.0
200,0.1,0.01,2,20,40,1.0,0.0,1.0,1.0,2.0
200,0.1,0.015,3,20,60,1.0,0.0,1.0,1.0,2.0
200,0.1,0.02,4,20,80,1.0,0.0,1.0,1.0,2.0
200,0.1,0.025,5,20,100,1.0,0.0,1.0,1.0,2.0
200,0.1,0.03,6,20,100,1.0,0.0,1.0,1.0,2.0
200,0.1,0.0342,7,20,100,1.0,0.0,1.0,1.0,2.0
200,0.1,0.035,7,20,100,0.9998,0.00020000000000000017,0.9994,1.0,2.0
200,0.1,0.04,8,20,100,0.9996,0.00040000000000000034,0.9987999999999999,1.0,2.1
200,0.1,0.045,9,20,100,0.9965999999999999,0.0030057856668011893,0.9903,0.9999000000000001,2.45
200,0.1,0.05,10,20,100,0.9846,0.007694179880949237,0.9685975,0.9978999999999999,3.1
200,0.1,0.0542,11,20,100,0.9843,0.007604165525114068,0.9669975000000001,0.9969,3.45
200,0.1,0.055,11,20,100,0.9434,0.015211120334090514,0.9118,0.9710025,4.8
200,0.1,0.06,12,20,100,0.9137000000000001,0.01958697516105016,0.872995,0.9488025,4.65
200,0.1,0.065,13,20,100,0.8787,0.022278156625409173,0.8328925,0.920005,6.75
200,0.1,0.0657,13,20,100,0.8357000000000001,0.025842278021361305,0.7833924999999999,0.8850049999999999,7.4
200,0.1,0.07,14,20,100,0.8016,0.027589604249178036,0.7486999999999999,0.854015,7.5
200,0.1,0.0742,15,20,100,0.8157000000000001,0.027792250573121853,0.7588900000000001,0.87,6.95
200,0.1,0.075,15,20,100,0.8349000000000001,0.025960924404951298,0.781495,0.8845149999999997,8.8
200,0.1,0.08,16,20,100,0.7156,0.031831094638082834,0.6530000000000001,0.7756075000000001,8.65
200,0.1,0.085,17,20,100,0.6861999999999999,0.03098281700386441,0.6241875,0.7472199999999998,8.85
200,0.1,0.09,18,20,100,0.6804000000000001,0.03456743373100576,0.6146874999999999,0.7443099999999999,7.8
200,0.1,0.0942,19,20,100,0.6228,0.03241899929287632,0.5628974999999999,0.6866025000000001,9.5
200,0.1,0.095,19,20,100,0.5481,0.03241700981356123,0.4850000000000001,0.6132174999999999,9.75
200,0.1,0.1,20,20,100,0.5001999999999999,0.030792554524453054,0.44229749999999995,0.5636049999999999,9.9
200,0.1,0.105,21,20,100,0.46460000000000007,0.02906086263987594,0.40690000000000004,0.5233025000000001,9.3
200,0.1,0.11,22,20,100,0.4542000000000001,0.02889590513088893,0.4002875,0.510605,10.0
200,0.1,0.1114,22,20,100,0.46620000000000006,0.030277097388333417,0.41079749999999987,0.5289074999999999,10.3
200,0.1,0.1142,23,20,100,0.39849999999999997,0.024146595635991436,0.35518999999999995,0.44570499999999996,9.6
200,0.1,0.115,23,20,100,0.3496,0.02028729014467288,0.3098975,0.392405,10.1
200,0.1,0.12,24,20,100,0.3524000000000001,0.021991789101362076,0.310995,0.399205,9.95
200,0.1,0.125,25,20,100,0.3782,0.026818273583133535,0.32969750000000003,0.430005,9.15
200,0.1,0.1342,27,20,100,0.2993,0.01783553087564712,0.26729500000000006,0.3357025,8.4
200,0.1,0.1542,31,20,100,0.26259999999999994,0.011850601996386838,0.2396975,0.2875,8.4
200,0.1,0.1571,31,20,100,0.2657,0.011853699929566381,0.24340000000000006,0.28930249999999996,8.8
200,0.1,0.1742,35,20,100,0.26159999999999994,0.012080303695426592,0.23969750000000004,0.287005,8.25
200,0.1,0.1942,39,20,100,0.24719999999999998,0.009985929494983826,0.22829750000000004,0.26660500000000004,7.5
200,0.1,0.2029,41,20,100,0.2409,0.011941858305891081,0.21850000000000003,0.26630000000000004,7.45
200,0.1,0.2142,43,20,100,0.2369,0.009238364234937575,0.21980000000000005,0.25530749999999997,7.7
200,0.1,0.2486,50,20,100,0.2434,0.010303691600880755,0.2255,0.26470249999999995,6.4
200,0.1,0.2943,59,20,100,0.23089999999999997,0.008970315805843496,0.21339749999999996,0.24760249999999998,6.55
200,0.1,0.34,68,20,100,0.2413,0.008730134736947223,0.2237,0.25900249999999997,5.8
200,0.2,0.005,2,20,40,1.0,0.0,1.0,1.0,2.0
200,0.2,0.01,2,20,40,1.0,0.0,1.0,1.0,2.0
200,0.2,0.015,3,20,60,1.0,0.0,1.0,1.0,2.0
200,0.2,0.02,4,20,80,1.0,0.0,1.0,1.0,2.0
200,0.2,0.0204,4,20,80,1.0,0.0,1.0,1.0,2.0
200,0.2,0.025,5,20,100,0.9986,0.0013999999999999996,0.9958,1.0,2.0
200,0.2,0.03,6,20,100,0.9934999999999999,0.003704692628916397,0.9855975,0.9994,2.1
200,0.2,0.035,7,20,100,0.9323999999999999,0.015288551206042968,0.9008975,0.9599025000000001,3.7
200,0.2,0.04,8,20,100,0.8916999999999998,0.018983807560522457,0.855295,0.9284025,4.45
200,0.2,0.0404,8,20,100,0.7889,0.023225680231636323,0.7453,0.8332099999999999,6.95
200,0.2,0.045,9,20,100,0.7282,0.026199074700292663,0.6783000000000001,0.779005,7.1
200,0.2,0.05,10,20,100,0.5495,0.024803215415536244,0.5031975,0.5963025000000001,7.85
200,0.2,0.055,11,20,100,0.44949999999999996,0.016283706301364283,0.4192,0.4815025000000001,7.05
200,0.2,0.06,12,20,100,0.4363000000000001,0.018244498271306808,0.40209500000000004,0.4720075,7.75
200,0.2,0.0604,12,20,100,0.449,0.017723749973730534,0.4153,0.4862025000000001,7.65
200,0.2,0.065,13,20,100,0.42700000000000005,0.018891235742502073,0.3916925,0.4651125,7.6
200,0.2,0.0657,13,20,100,0.3729,0.009046786359494925,0.3554,0.3892025,7.0
200,0.2,0.07,14,20,100,0.3853999999999999,0.016490842270420233,0.35529,0.4194199999999998,7.55
200,0.2,0.075,15,20,100,0.3862000000000001,0.015400892011421766,0.3589925,0.41990249999999996,6.9
200,0.2,0.08,16,20,100,0.3618999999999999,0.009892038427059624,0.3431,0.38189999999999996,6.25
200,0.2,0.0804,16,20,100,0.3492,0.008489660972874208,0.3328,0.365705,6.7
200,0.2,0.085,17,20,100,0.35810000000000003,0.011185935433174622,0.33719750000000004,0.3808025,6.85
200,0.2,0.09,18,20,100,0.3469000000000001,0.008982243988598121,0.3298925,0.364805,6.2
200,0.2,0.095,19,20,100,0.34620000000000006,0.009891104053336987,0.32730000000000004,0.3662025,6.3
200,0.2,0.1,20,20,100,0.3477,0.0080639552167267,0.33210000000000006,0.36269999999999997,6.05
200,0.2,0.1004,20,20,100,0.34049999999999997,0.008660108241094608,0.3228974999999999,0.3570999999999999,6.3
200,0.2,0.105,21,20,100,0.35229999999999995,0.01009235634357292,0.33399,0.373605,6.2
200,0.2,0.11,22,20,100,0.35129999999999995,0.009166975201419188,0.333,0.3683024999999999,5.75
200,0.2,0.1114,22,20,100,0.3243,0.008352408471376822,0.3073,0.3404999999999999,6.8
200,0.2,0.115,23,20,100,0.32159999999999994,0.009779095411678273,0.3024975,0.341805,6.25
200,0.2,0.12,24,20,100,0.3347,0.006769591844223234,0.3215,0.3476050000000001,5.6
200,0.2,0.1204,24,20,100,0.32699999999999996,0.008572330399888264,0.30929500000000004,0.344,5.65
200,0.2,0.125,25,20,100,0.33769999999999994,0.00791604303763802,0.32289749999999995,0.3540025,5.55
200,0.2,0.1404,28,20,100,0.32130000000000003,0.009185688253302998,0.3029975,0.33960250000000003,5.35
200,0.2,0.1571,31,20,100,0.32400000000000007,0.008302366706505618,0.307995,0.34019999999999995,5.55
200,0.2,0.1604,32,20,100,0.3335999999999999,0.008244398159362575,0.31739999999999996,0.3503025,5.3
200,0.2,0.1804,36,20,100,0.32809999999999995,0.0070563317794600745,0.3141,0.34119999999999995,4.7
200,0.2,0.2004,40,20,100,0.3342,0.007887056267433152,0.3183,0.3492,4.7
200,0.2,0.2029,41,20,100,0.3056999999999999,0.008752783107172948,0.288695,0.32220249999999995,4.9
200,0.2,0.2486,50,20,100,0.3061,0.007632856938951826,0.2912925,0.3211,4.6
200,0.2,0.2943,59,20,100,0.3084,0.0071798258328387736,0.2943975,0.32199999999999995,4.7
200,0.2,0.34,68,20,100,0.2975,0.008155527344238769,0.28149749999999996,0.3132025,4.35
200,0.3,0.005,2,20,40,1.0,0.0,1.0,1.0,2.0
200,0.3,0.01,2,20,40,1.0,0.0,1.0,1.0,2.0
200,0.3,0.015,3,20,60,1.0,0.0,1.0,1.0,2.0
200,0.3,0.02,4,20,80,1.0,0.0,1.0,1.0,2.0
200,0.3,0.025,5,20,100,0.9584000000000001,0.011707478400793678,0.9339975,0.9789025,2.45
200,0.3,0.0296,6,20,100,0.8053000000000001,0.018406989779083182,0.7692974999999999,0.8408,4.4
200,0.3,0.03,6,20,100,0.8241,0.017082742783584286,0.788695,0.855405,4.5
200,0.3,0.035,7,20,100,0.6109,0.02083465207947393,0.5705,0.6525025,5.35
200,0.3,0.04,8,20,100,0.5306,0.013601708151789783,0.5052975,0.5591025000000001,6.35
200,0.3,0.045,9,20,100,0.4681,0.00935894213999627,0.45150000000000007,0.48750000000000004,5.7
200,0.3,0.0492,10,20,100,0.45909999999999995,0.011596843004747788,0.4357974999999999,0.4817025,5.8
200,0.3,0.05,10,20,100,0.45659999999999995,0.010541136350297131,0.435,0.4761074999999999,6.15
200,0.3,0.055,11,20,100,0.43320000000000003,0.007266750069023743,0.419,0.4475025,5.05
200,0.3,0.06,12,20,100,0.4410999999999998,0.011468793847795518,0.4191949999999999,0.46360250000000003,6.6
200,0.3,0.065,13,20,100,0.4336,0.007448842361417815,0.4194000000000001,0.4474,5.35
200,0.3,0.0657,13,20,100,0.4132,0.008537357005916096,0.39660000000000006,0.4294025,5.7
200,0.3,0.0689,14,20,100,0.4045,0.008743684589577794,0.38679749999999996,0.42210250000000005,5.7
200,0.3,0.07,14,20,100,0.42010000000000003,0.007961390417115428,0.40549499999999994,0.43560000000000004,5.5
200,0.3,0.075,15,20,100,0.40809999999999996,0.008183125035922119,0.3924975,0.4232,5.3
200,0.3,0.08,16,20,100,0.4261,0.008602201973208882,0.40899500000000016,0.4431025,5.0
200,0.3,0.085,17,20,100,0.41010000000000013,0.008112211769793723,0.39399249999999997,0.42640500000000003,5.1
200,0.3,0.0885,18,20,100,0.4009,0.008056736938799113,0.3854000000000001,0.416505,5.2
200,0.3,0.09,18,20,100,0.41539999999999994,0.008307742524812974,0.39929749999999997,0.4307025,4.95
200,0.3,0.095,19,20,100,0.40459999999999996,0.007293860708870443,0.39099749999999994,0.4189,4.65
200,0.3,0.1,20,20,100,0.4114,0.008213096218537167,0.39409750000000004,0.4274,5.0
200,0.3,0.105,21,20,100,0.40840000000000004,0.008534801010148292,0.3918974999999999,0.42519999999999997,4.8
200,0.3,0.1081,22,20,100,0.4039,0.007408560432146563,0.3896975,0.41820500000000005,4.85
200,0.3,0.11,22,20,100,0.41069999999999995,0.007243603935873219,0.39569749999999987,0.425,4.8
200,0.3,0.1114,22,20,100,0.39890000000000003,0.006887105503927046,0.3850975,0.41240000000000004,4.95
200,0.3,0.115,23,20,100,0.40679999999999994,0.007832695009453076,0.39230000000000004,0.42200000000000004,4.8
200,0.3,0.12,24,20,100,0.4035,0.00872633885996813,0.3865,0.4196000000000001,5.1
200,0.3,0.125,25,20,100,0.38300000000000006,0.008190287423577273,0.36739999999999995,0.39849999999999985,5.05
200,0.3,0.1277,26,20,100,0.39710000000000006,0.007552235604525499,0.3827999999999999,0.4120999999999999,4.95
200,0.3,0.1474,29,20,100,0.3961,0.007250071403340476,0.3810975,0.41170249999999997,4.5
200,0.3,0.1571,31,20,100,0.3993,0.006861184925787862,0.3860975,0.4128025,4.35
200,0.3,0.167,33,20,100,0.3940999999999999,0.008846725125974326,0.37620000000000003,0.41129999999999994,4.2
200,0.3,0.1866,37,20,100,0.3899000000000001,0.007149902874243196,0.37589749999999994,0.40379999999999994,4.2
200,0.3,0.2029,41,20,100,0.40330000000000005,0.0071266394534163086,0.3889975,0.4170025,4.2
200,0.3,0.2486,50,20,100,0.3864999999999999,0.006772456099242106,0.3729,0.3996,3.85
200,0.3,0.2943,59,20,100,0.3708000000000001,0.0069872611359400455,0.35589750000000003,0.38420000000000004,4.5
200,0.3,0.34,68,20,100,0.37949999999999995,0.0064500802594646325,0.3671974999999999,0.3920024999999999,4.0
200,0.4,0.005,2,20,40,1.0,0.0,1.0,1.0,2.0
200,0.4,0.01,2,20,40,1.0,0.0,1.0,1.0,2.0
200,0.4,0.015,3,20,60,1.0,0.0,1.0,1.0,2.0
200,0.4,0.02,4,20,80,0.9748750000000002,0.007217230064929798,0.959,0.987878125,2.2
200,0.4,0.025,5,20,100,0.7672000000000001,0.018202053386218473,0.7308,0.8008049999999999,3.8
200,0.4,0.0281,6,20,100,0.6683000000000001,0.013617468727537232,0.643395,0.6943025,4.8
200,0.4,0.03,6,20,100,0.6632000000000001,0.013670642437225275,0.6381,0.69121,5.0
200,0.4,0.035,7,20,100,0.5284,0.006395579281303167,0.5166974999999999,0.5419025000000001,4.3
200,0.4,0.04,8,20,100,0.53,0.009527207186142053,0.5107,0.5489025000000001,5.8
200,0.4,0.045,9,20,100,0.502,0.006535064705652937,0.4885975000000001,0.5146999999999999,4.0
200,0.4,0.0462,9,20,100,0.5025,0.006735065783725585,0.4895974999999999,0.5156024999999999,4.1
200,0.4,0.05,10,20,100,0.5091999999999999,0.008213907890175226,0.493,0.5245,5.45
200,0.4,0.055,11,20,100,0.49670000000000003,0.005565142233654777,0.48599999999999993,0.5078025,4.15
200,0.4,0.06,12,20,100,0.48699999999999993,0.008634555897992413,0.4701975,0.5044999999999998,5.3
200,0.4,0.0643,13,20,100,0.4710999999999999,0.006330773007199584,0.4583975,0.483,4.15
200,0.4,0.065,13,20,100,0.48390000000000005,0.006779194255033172,0.4712974999999999,0.4976,4.05
200,0.4,0.0657,13,20,100,0.47779999999999995,0.006608198152922083,0.46539,0.4912025,4.55
200,0.4,0.07,14,20,100,0.48499999999999993,0.007555184185763316,0.46899749999999996,0.49920000000000003,4.9
200,0.4,0.075,15,20,100,0.48009999999999997,0.006685571679884128,0.4671974999999999,0.4938,4.1
200,0.4,0.08,16,20,100,0.4804,0.007220789290638385,0.465595,0.4935,4.8
200,0.4,0.0824,16,20,100,0.4785000000000001,0.00811330743752248,0.4627975,0.4936,4.75
200,0.4,0.085,17,20,100,0.4728,0.006913725186872556,0.4593974999999999,0.4861,4.35
200,0.4,0.09,18,20,100,0.46930000000000005,0.006954767277112002,0.45599750000000006,0.48210500000000006,4.55
200,0.4,0.095,19,20,100,0.4697,0.007292524192000263,0.4548975,0.4833025,4.5
200,0.4,0.1,20,20,100,0.4618,0.00689074917860346,0.44879749999999996,0.4754,4.3
200,0.4,0.1004,20,20,100,0.47529999999999994,0.0077673949456960305,0.4597975000000001,0.4905,4.75
200,0.4,0.105,21,20,100,0.4687000000000001,0.006676742385991007,0.45579749999999997,0.4820999999999999,3.8
200,0.4,0.11,22,20,100,0.4741999999999999,0.0070898704237992,0.46079749999999997,0.4878025,4.5
200,0.4,0.1114,22,20,100,0.4617000000000001,0.007015214346207272,0.447995,0.4759,4.1
200,0.4,0.115,23,20,100,0.45530000000000004,0.006867365366041556,0.44229999999999997,0.4680050000000001,4.0
200,0.4,0.1185,24,20,100,0.4686999999999999,0.006851461541344683,0.45589749999999996,0.4818025,4.1
200,0.4,0.12,24,20,100,0.45860000000000006,0.006819490783442304,0.44530000000000003,0.4720025,3.95
200,0.4,0.125,25,20,100,0.45210000000000006,0.007447181013679273,0.43800000000000006,0.466605,4.0
200,0.4,0.1366,27,20,100,0.46319999999999995,0.007269529600053955,0.4495,0.4781,3.85
200,0.4,0.1547,31,20,100,0.4533,0.007722530333218171,0.43869749999999996,0.46790000000000004,4.1
200,0.4,0.1571,31,20,100,0.4459,0.007438766868591362,0.4321,0.4613999999999999,3.9
200,0.4,0.1728,35,20,100,0.4417000000000001,0.007609211589258182,0.42589999999999995,0.45620249999999996,3.8
200,0.4,0.2029,41,20,100,0.45919999999999994,0.006666181800549682,0.44669500000000006,0.47280249999999996,3.9
200,0.4,0.2486,50,20,100,0.4493000000000001,0.007006858112311153,0.4353975,0.4625,3.5
200,0.4,0.2943,59,20,100,0.4411,0.006268238036386946,0.4286975,0.45390250000000004,3.6
200,0.4,0.34,68,20,100,0.4476,0.005951181870567026,0.43560000000000004,0.4587025,3.5
200,0.5,0.005,2,20,40,1.0,0.0,1.0,1.0,2.0
200,0.5,0.01,2,20,40,1.0,0.0,1.0,1.0,2.0
200,0.5,0.015,3,20,60,0.9966666666666666,0.003333333333333333,0.99,1.0,2.0
200,0.5,0.02,4,20,80,0.8741249999999999,0.010594203320086969,0.854496875,0.895875,2.5
200,0.5,0.025,5,20,100,0.614,0.006823903323293537,0.6005999999999999,0.6271025,3.7
200,0.5,0.0266,5,20,100,0.6365999999999999,0.010335014525994883,0.6166,0.6572999999999999,3.75
200,0.5,0.03,6,20,100,0.6648,0.009887733447422251,0.6453949999999999,0.6842025,4.6
200,0.5,0.035,7,20,100,0.5765000000000001,0.00543719884804035,0.5661999999999999,0.5869,3.4
200,0.5,0.04,8,20,100,0.575,0.008717218535169288,0.5577975,0.5911,5.25
200,0.5,0.0431,9,20,100,0.5440999999999999,0.005805074408557472,0.5325975,0.5550025000000001,3.45
200,0.5,0.045,9,20,100,0.5609000000000001,0.006856531207689512,0.5469999999999999,0.5744,3.4
200,0.5,0.05,10,20,100,0.5533,0.007083991056807545,0.5394000000000001,0.5673999999999999,5.25
200,0.5,0.055,11,20,100,0.543,0.006612660034152121,0.5296974999999999,0.5559000000000001,3.45
200,0.5,0.0597,12,20,100,0.5297,0.00882999365111821,0.5123,0.5466049999999999,4.85
200,0.5,0.06,12,20,100,0.535,0.007481289793190541,0.5203975,0.5501999999999999,5.0
200,0.5,0.065,13,20,100,0.5473,0.006400528702909446,0.5346000000000001,0.5598000000000001,3.55
200,0.5,0.0657,13,20,100,0.5359,0.005785902407288483,0.5246975,0.5472,3.45
200,0.5,0.07,14,20,100,0.5431000000000001,0.007578138413765072,0.5279975,0.5578025000000001,4.3
200,0.5,0.075,15,20,100,0.5337999999999999,0.005736257182575278,0.5225,0.5448025,3.4
200,0.5,0.0762,15,20,100,0.5398000000000001,0.00562817587112944,0.5291,0.5513025,3.5
200,0.5,0.08,16,20,100,0.5345,0.007509421691542839,0.52,0.5489025000000001,4.1
200,0.5,0.085,17,20,100,0.5321,0.006516947603027514,0.5193000000000001,0.5448,3.4
200,0.5,0.09,18,20,100,0.5355000000000001,0.006739563574276688,0.5223,0.5490025000000001,3.65
200,0.5,0.0928,19,20,100,0.519,0.005809257676112736,0.5076,0.5297999999999999,3.45
200,0.5,0.095,19,20,100,0.5325,0.005540256712864887,0.5214,0.5437000000000001,3.35
200,0.5,0.1,20,20,100,0.524,0.007163318456772065,0.5096975,0.5374000000000001,3.85
200,0.5,0.105,21,20,100,0.5106,0.006520860078365135,0.49809999999999993,0.5237,3.6
200,0.5,0.1093,22,20,100,0.5193,0.006523082558162671,0.5067,0.5320024999999999,3.8
200,0.5,0.11,22,20,100,0.5353999999999999,0.0069156826609284685,0.5218975,0.5490999999999999,4.0
200,0.5,0.1114,22,20,100,0.529,0.007414836342077821,0.5142,0.5432025,3.75
200,0.5,0.115,23,20,100,0.5115,0.006712531624363553,0.49810000000000004,0.5237999999999999,3.5
200,0.5,0.12,24,20,100,0.5237999999999999,0.006253532335142009,0.5117,0.5357025000000001,3.65
200,0.5,0.125,25,20,100,0.5259,0.00596978080236476,0.5146974999999999,0.5375049999999999,3.3
200,0.5,0.1259,25,20,100,0.5257000000000001,0.00645302372159867,0.5132975,0.5385025,3.6
200,0.5,0.1424,28,20,100,0.5105,0.005831601474515878,0.49899750000000004,0.5210025000000001,3.75
200,0.5,0.1571,31,20,100,0.5125,0.00612063078547638,0.5000000000000001,0.5242025,3.55
200,0.5,0.159,32,20,100,0.5075999999999999,0.006430859942181885,0.4949975,0.5199999999999999,3.65
200,0.5,0.2029,41,20,100,0.5154,0.006109142015178249,0.5036,0.5271000000000001,3.6
200,0.5,0.2486,50,20,100,0.4985000000000001,0.006090852555142413,0.48680000000000007,0.5103,3.3
200,0.5,0.2943,59,20,100,0.5059999999999999,0.006403912945231301,0.49420000000000003,0.5186,3.3
200,0.5,0.34,68,20,100,0.5231,0.0064505813691480545,0.5105975,0.5353,3.25
400,0.0,0.0025,2,20,40,1.0,0.0,1.0,1.0,2.0
400,0.0,0.005,2,20,40,1.0,0.0,1.0,1.0,2.0
400,0.0,0.0075,3,20,60,1.0,0.0,1.0,1.0,2.0
400,0.0,0.01,4,20,80,1.0,0.0,1.0,1.0,2.0
400,0.0,0.0125,5,20,100,1.0,0.0,1.0,1.0,2.0
400,0.0,0.015,6,20,100,1.0,0.0,1.0,1.0,2.0
400,0.0,0.0175,7,20,100,1.0,0.0,1.0,1.0,2.0
400,0.0,0.02,8,20,100,1.0,0.0,1.0,1.0,2.0
400,0.0,0.0225,9,20,100,1.0,0.0,1.0,1.0,2.0
400,0.0,0.025,10,20,100,1.0,0.0,1.0,1.0,2.0
400,0.0,0.0275,11,20,100,1.0,0.0,1.0,1.0,2.0
400,0.0,0.03,12,20,100,1.0,0.0,1.0,1.0,2.0
400,0.0,0.0325,13,20,100,1.0,0.0,1.0,1.0,2.0
400,0.0,0.035,14,20,100,1.0,0.0,1.0,1.0,2.0
400,0.0,0.0375,15,20,100,1.0,0.0,1.0,1.0,2.0
400,0.0,0.04,16,20,100,1.0,0.0,1.0,1.0,2.0
400,0.0,0.0425,17,20,100,1.0,0.0,1.0,1.0,2.0
400,0.0,0.045,18,20,100,1.0,0.0,1.0,1.0,2.0
400,0.0,0.0475,19,20,100,1.0,0.0,1.0,1.0,2.0
400,0.0,0.048,19,20,100,1.0,0.0,1.0,1.0,2.05
400,0.0,0.05,20,20,100,1.0,0.0,1.0,1.0,2.05
400,0.0,0.0525,21,20,100,1.0,0.0,1.0,1.0,2.1
400,0.0,0.055,22,20,100,1.0,0.0,1.0,1.0,2.0
400,0.0,0.0575,23,20,100,0.99995,5.000000000000004e-05,0.99985,1.0,2.1
400,0.0,0.06,24,20,100,0.99985,0.00015000000000000015,0.9995499999999999,1.0,2.2
400,0.0,0.0625,25,20,100,1.0,0.0,1.0,1.0,2.1
400,0.0,0.0657,26,20,100,0.9998499999999999,8.572330399888273e-05,0.99965,1.0,2.2
400,0.0,0.068,27,20,100,0.99995,5.000000000000004e-05,0.99985,1.0,2.1
400,0.0,0.088,35,20,100,0.9987,0.0003379976689896314,0.9980499999999999,0.9993000000000001,2.5
400,0.0,0.108,43,20,100,0.9793499999999998,0.008428443605800634,0.9607975000000001,0.99405,5.25
400,0.0,0.1114,45,20,100,0.9951499999999999,0.0010765052885906485,0.9928499999999998,0.9969999999999999,3.3
400,0.0,0.128,51,20,100,0.9736,0.00885234660437787,0.9544987500000001,0.9882012499999999,5.3
400,0.0,0.148,59,20,100,0.8853000000000002,0.019697436125013575,0.84579625,0.92155,12.25
400,0.0,0.1571,63,20,100,0.8595999999999998,0.021124412609130887,0.8172925,0.8987062500000002,15.65
400,0.0,0.168,67,20,100,0.8270000000000001,0.023366426748433294,0.7803974999999999,0.8696012499999999,15.45
400,0.0,0.188,75,20,100,0.6199999999999999,0.02501019993942673,0.5726837499999999,0.67295,18.9
400,0.0,0.2029,81,20,100,0.5263499999999999,0.024124660985737553,0.48145000000000004,0.57596375,18.95
400,0.0,0.208,83,20,100,0.56595,0.0230114919687156,0.519995,0.61005125,18.15
400,0.0,0.228,91,20,100,0.45075,0.017034927725889024,0.41873875000000005,0.4855537499999999,18.95
400,0.0,0.2486,99,20,100,0.41989999999999994,0.0157576308274096,0.38949500000000015,0.45185125000000004,18.6
400,0.0,0.2943,118,20,100,0.36515000000000003,0.013072728765400794,0.33994749999999996,0.39070249999999995,19.45
400,0.0,0.34,136,20,100,0.36745,0.010452996042409384,0.3471487499999999,0.3871525,18.15
400,0.1,0.0025,2,20,40,1.0,0.0,1.0,1.0,2.0
400,0.1,0.005,2,20,40,1.0,0.0,1.0,1.0,2.0
400,0.1,0.0075,3,20,60,1.0,0.0,1.0,1.0,2.0
400,0.1,0.01,4,20,80,1.0,0.0,1.0,1.0,2.0
400,0.1,0.0125,5,20,100,1.0,0.0,1.0,1.0,2.0
400,0.1,0.015,6,20,100,1.0,0.0,1.0,1.0,2.0
400,0.1,0.0175,7,20,100,1.0,0.0,1.0,1.0,2.0
400,0.1,0.02,8,20,100,1.0,0.0,1.0,1.0,2.0
400,0.1,0.0225,9,20,100,1.0,0.0,1.0,1.0,2.0
400,0.1,0.025,10,20,100,0.99645,0.0033023522378798874,0.9896,1.0,2.45
400,0.1,0.0275,11,20,100,0.9991499999999999,0.0005224988521566827,0.99795,0.99995,2.2
400,0.1,0.03,12,20,100,0.99485,0.004950489721719303,0.98474875,1.0,2.8
400,0.1,0.0325,13,20,100,0.9561499999999999,0.014590514249354137,0.92529875,0.98265,4.6
400,0.1,0.0342,14,20,100,0.8996999999999999,0.021788911553050704,0.85674625,0.9403625,6.75
400,0.1,0.035,14,20,100,0.8580500000000001,0.02605926568963194,0.8081375,0.9090525,7.8
400,0.1,0.0375,15,20,100,0.8703499999999998,0.025037068982457257,0.8212999999999999,0.9175012499999999,7.85
400,0.1,0.04,16,20,100,0.87785,0.02414751121709643,0.829545,0.9218025000000001,7.05
400,0.1,0.0425,17,20,100,0.6775,0.03411429837378095,0.6081925000000002,0.7387499999999999,11.5
400,0.1,0.045,18,20,100,0.7258000000000001,0.03254474154176373,0.6633425,0.7893587499999999,9.4
400,0.1,0.0475,19,20,100,0.6014,0.034175429770523735,0.53358875,0.6734525000000001,11.15
400,0.1,0.05,20,20,100,0.5675,0.03354165960850669,0.5034850000000001,0.6374549999999999,10.95
400,0.1,0.0525,21,20,100,0.45495,0.028484134783128563,0.40349625,0.5124587500000001,10.0
400,0.1,0.0542,22,20,100,0.44415,0.030064161606991692,0.39049,0.5048575,10.35
400,0.1,0.055,22,20,100,0.44055,0.027638347591268143,0.38993,0.49430874999999985,10.55
400,0.1,0.0575,23,20,100,0.4720500000000001,0.030136398258584256,0.41359874999999996,0.5316074999999999,9.55
400,0.1,0.06,24,20,100,0.3732,0.02411206161139099,0.32809124999999995,0.4246999999999999,9.5
400,0.1,0.0625,25,20,100,0.32280000000000003,0.018524256552101652,0.28804625,0.3590099999999999,9.45
400,0.1,0.0657,26,20,100,0.33875000000000005,0.020526205841865326,0.30134875,0.38040250000000003,8.85
400,0.1,0.0742,30,20,100,0.27385,0.014540235885155359,0.2468,0.30370375,9.2
400,0.1,0.0942,38,20,100,0.2429,0.006352117280040879,0.23009750000000007,0.25534999999999997,7.65
400,0.1,0.1114,45,20,100,0.22804999999999997,0.006490433908702277,0.21489875000000006,0.24035250000000002,7.8
400,0.1,0.1142,46,20,100,0.233,0.0056595320504705185,0.22154500000000002,0.24400125,7.4
400,0.1,0.1342,54,20,100,0.23740000000000003,0.006594105111553972,0.22504875000000002,0.25045,7.25
400,0.1,0.1542,62,20,100,0.2131,0.0057628994526201915,0.20204874999999994,0.22430125,6.55
400,0.1,0.1571,63,20,100,0.23434999999999997,0.007951448314805945,0.21930000000000002,0.24995250000000002,6.6
400,0.1,0.1742,70,20,100,0.2324,0.005441367920705679,0.22159874999999996,0.243,6.5
400,0.1,0.1942,78,20,100,0.22479999999999997,0.005651012245070737,0.21345,0.23530124999999996,6.5
400,0.1,0.2029,81,20,100,0.22135000000000002,0.006062325703003175,0.20930000000000004,0.23290000000000002,6.0
400,0.1,0.2142,86,20,100,0.22615,0.005518039744896971,0.21539750000000005,0.23654999999999998,6.05
400,0.1,0.2486,99,20,100,0.22090000000000004,0.0059230673871506195,0.20964624999999998,0.23270124999999997,5.4
400,0.1,0.2943,118,20,100,0.22290000000000001,0.005867725455421548,0.21085,0.23445250000000004,5.1
400,0.1,0.34,136,20,100,0.20920000000000002,0.00597880093380442,0.19804875,0.22040249999999997,5.35
400,0.2,0.0025,2,20,40,1.0,0.0,1.0,1.0,2.0
400,0.2,0.005,2,20,40,1.0,0.0,1.0,1.0,2.0
400,0.2,0.0075,3,20,60,1.0,0.0,1.0,1.0,2.0
400,0.2,0.01,4,20,80,1.0,0.0,1.0,1.0,2.0
400,0.2,0.0125,5,20,100,1.0,0.0,1.0,1.0,2.0
400,0.2,0.015,6,20,100,0.9992,0.0007999999999999993,0.9976,1.0,2.0
400,0.2,0.0175,7,20,100,0.9710000000000001,0.009553147453202335,0.950845,0.9880500000000001,3.15
400,0.2,0.02,8,20,100,0.7809,0.02359307594026757,0.7362987500000001,0.8246624999999999,6.65
400,0.2,0.0204,8,20,100,0.8346499999999999,0.021860699365932386,0.79174625,0.8766512499999999,6.8
400,0.2,0.0225,9,20,100,0.6544,0.028101662483622464,0.5998925,0.7098012500000002,7.3
400,0.2,0.025,10,20,100,0.48934999999999995,0.01968715612173623,0.45269624999999997,0.53080125,9.2
400,0.2,0.0275,11,20,100,0.4224,0.015643193246568775,0.394845,0.45420249999999995,8.4
400,0.2,0.03,12,20,100,0.40954999999999997,0.013079225373225905,0.38614875,0.435005,8.75
400,0.2,0.0325,13,20,100,0.3689500000000001,0.008013654697836787,0.3554475,0.3863012500000001,7.6
400,0.2,0.035,14,20,100,0.36774999999999997,0.006730893272250292,0.35435,0.3804012499999999,7.85
400,0.2,0.0375,15,20,100,0.36085,0.008840921554871638,0.3463000000000001,0.3804,7.65
400,0.2,0.04,16,20,100,0.35755,0.006999817818697104,0.3443,0.3718,7.2
400,0.2,0.0404,16,20,100,0.3702500000000001,0.008461253041382406,0.35535000000000005,0.3888,7.45
400,0.2,0.0425,17,20,100,0.34809999999999997,0.0062279023496493325,0.3359487499999999,0.3603025,7.35
400,0.2,0.045,18,20,100,0.35069999999999996,0.006964926562441418,0.33729874999999987,0.36400125,6.8
400,0.2,0.0475,19,20,100,0.3482500000000001,0.00570148616103244,0.33754999999999996,0.36010125000000004,6.6
400,0.2,0.05,20,20,100,0.3414000000000001,0.006510318150769778,0.32870000000000005,0.35414999999999996,6.65
400,0.2,0.0525,21,20,100,0.33929999999999993,0.005606192463641784,0.32849875,0.34980124999999995,6.35
400,0.2,0.055,22,20,100,0.34439999999999993,0.006528213825969226,0.3319487499999999,0.35694999999999993,6.45
400,0.2,0.0575,23,20,100,0.33935000000000004,0.005903540711242104,0.32715000000000005,0.35070375,6.35
400,0.2,0.06,24,20,100,0.33,0.005689792384062654,0.31904875000000005,0.3419025,6.5
400,0.2,0.0604,24,20,100,0.33755,0.006532164011004827,0.3248487500000001,0.35075125,6.15
400,0.2,0.0625,25,20,100,0.33299999999999996,0.005953099523726606,0.32099875,0.34419999999999995,6.25
400,0.2,0.0657,26,20,100,0.3298500000000001,0.005691769265679818,0.31844874999999995,0.3412525,6.15
400,0.2,0.0804,32,20,100,0.3175,0.005704198347522532,0.30645,0.32909999999999995,5.65
400,0.2,0.1004,40,20,100,0.32050000000000006,0.005521994589133916,0.3092475,0.33145125000000003,5.15
400,0.2,0.1114,45,20,100,0.3143,0.005390329912505965,0.3042,0.32549999999999996,4.8
400,0.2,0.1204,48,20,100,0.3188,0.0051084797794026405,0.30804875,0.32890125000000003,4.8
400,0.2,0.1404,56,20,100,0.29855,0.0055524564588362805,0.28825,0.30929999999999996,4.85
400,0.2,0.1571,63,20,100,0.3103999999999999,0.0048521993347180594,0.30044625,0.31945125,4.9
400,0.2,0.1604,64,20,100,0.318,0.004625904225012652,0.3089975,0.32680125,4.7
400,0.2,0.1804,72,20,100,0.31745000000000007,0.005545265976260719,0.30724874999999996,0.32825125000000005,4.45
400,0.2,0.2004,80,20,100,0.3104,0.005411211705451203,0.29974999999999996,0.32155125,4.25
400,0.2,0.2029,81,20,100,0.30455000000000004,0.005162557016585381,0.29459875,0.3146,4.8
400,0.2,0.2486,99,20,100,0.3085,0.00454689371156204,0.30015000000000003,0.31700125,4.4
400,0.2,0.2943,118,20,100,0.3002,0.005058206653098956,0.29064874999999996,0.31029999999999996,4.1
400,0.2,0.34,136,20,100,0.29855,0.004699180564715298,0.289395,0.30810000000000004,4.1
400,0.3,0.0025,2,20,40,1.0,0.0,1.0,1.0,2.0
400,0.3,0.005,2,20,40,1.0,0.0,1.0,1.0,2.0
400,0.3,0.0075,3,20,60,1.0,0.0,1.0,1.0,2.0
400,0.3,0.01,4,20,80,1.0,0.0,1.0,1.0,2.0
400,0.3,0.0125,5,20,100,0.9869,0.0049481044222749945,0.9761500000000001,0.99505,2.35
400,0.3,0.015,6,20,100,0.8567499999999998,0.01593125620415491,0.8242500000000001,0.8875025000000002,3.5
400,0.3,0.0175,7,20,100,0.5073500000000001,0.011723983662957441,0.48644499999999996,0.5308049999999999,5.7
400,0.3,0.02,8,20,100,0.53105,0.010006637948397205,0.51174875,0.55045,6.85
400,0.3,0.0225,9,20,100,0.45500000000000007,0.004882973924099364,0.44555000000000006,0.46495125,4.95
400,0.3,0.025,10,20,100,0.46254999999999996,0.007929453787855591,0.44699875,0.4783012500000001,7.05
400,0.3,0.0275,11,20,100,0.43834999999999985,0.004535524759990276,0.4301487499999999,0.4472525,5.0
400,0.3,0.0296,12,20,100,0.4312,0.007202033943914244,0.4173974999999999,0.44545124999999997,6.8
400,0.3,0.03,12,20,100,0.4268,0.006827795242886819,0.41379749999999993,0.44005125000000006,6.9
400,0.3,0.0325,13,20,100,0.41479999999999995,0.004554895246552955,0.40584875,0.4242,4.7
400,0.3,0.035,14,20,100,0.4213999999999999,0.0053105954696647945,0.41119874999999995,0.4316499999999999,6.75
400,0.3,0.0375,15,20,100,0.42565,0.004958237203040629,0.41585,0.4351499999999999,4.45
400,0.3,0.04,16,20,100,0.41960000000000003,0.006062669345755184,0.4080475,0.43105,6.1
400,0.3,0.0425,17,20,100,0.4135000000000001,0.005048502128094405,0.40369999999999995,0.4238024999999999,4.45
400,0.3,0.045,18,20,100,0.41515,0.0055625256780703425,0.40409874999999995,0.42559999999999987,5.7
400,0.3,0.0475,19,20,100,0.4134999999999999,0.0050659788209329705,0.40379874999999993,0.42335125,4.75
400,0.3,0.0492,20,20,100,0.41090000000000004,0.00547232707688088,0.3998987499999999,0.42130375,5.6
400,0.3,0.05,20,20,100,0.4069500000000001,0.006219428259799118,0.3946450000000001,0.41875125000000013,6.1
400,0.3,0.0525,21,20,100,0.4046,0.005380792626828253,0.39385,0.41540374999999996,4.35
400,0.3,0.055,22,20,100,0.40615000000000007,0.005380874755215283,0.39574500000000007,0.41635125000000006,5.25
400,0.3,0.0575,23,20,100,0.3958500000000001,0.005307729735912987,0.38464874999999993,0.4059,4.6
400,0.3,0.06,24,20,100,0.39755,0.00555209260758791,0.38724625000000007,0.40835124999999994,5.4
400,0.3,0.0625,25,20,100,0.39535000000000003,0.005784974878375389,0.38415,0.4064012500000001,4.85
400,0.3,0.0657,26,20,100,0.4053999999999999,0.004980608863027155,0.3955,0.4149999999999999,4.7
400,0.3,0.0689,28,20,100,0.4004999999999999,0.005374603579461805,0.39045,0.41075249999999996,4.85
400,0.3,0.0885,35,20,100,0.38160000000000005,0.005318578073815663,0.37134999999999996,0.3920525,4.65
400,0.3,0.1081,43,20,100,0.37955,0.004640127458193668,0.36989999999999995,0.38910125000000007,4.4
400,0.3,0.1114,45,20,100,0.38710000000000006,0.005426822646853685,0.37639875,0.3977012500000001,4.1
400,0.3,0.1277,51,20,100,0.38805,0.005713220093641049,0.37715000000000004,0.39905,4.15
400,0.3,0.1474,59,20,100,0.36634999999999984,0.0052401205746016605,0.35629875,0.3762500000000001,3.95
400,0.3,0.1571,63,20,100,0.38580000000000003,0.005648688057210875,0.37454875000000004,0.39635125000000004,4.1
400,0.3,0.167,67,20,100,0.38835000000000003,0.005393624650333657,0.3777487499999999,0.39894999999999997,4.1
400,0.3,0.1866,75,20,100,0.379,0.004758830176258095,0.37000000000000005,0.38789999999999997,3.9
400,0.3,0.2029,81,20,100,0.38184999999999997,0.00539952064838382,0.37144874999999994,0.39269999999999994,3.95
400,0.3,0.2486,99,20,100,0.3776500000000001,0.004908483174128957,0.3681000000000001,0.3868999999999999,3.8
400,0.3,0.2943,118,20,100,0.37595,0.005358225527922542,0.36579999999999996,0.38615125,3.7
400,0.3,0.34,136,20,100,0.37925000000000003,0.004430937493432633,0.37104875,0.38795125,3.45
400,0.4,0.0025,2,20,40,1.0,0.0,1.0,1.0,2.0
400,0.4,0.005,2,20,40,1.0,0.0,1.0,1.0,2.0
400,0.4,0.0075,3,20,60,1.0,0.0,1.0,1.0,2.0
400,0.4,0.01,4,20,80,0.9936875000000001,0.003609437074785408,0.9858125000000001,1.0,2.05
400,0.4,0.0125,5,20,100,0.7652999999999999,0.01893127122786609,0.7285937500000002,0.80060375,4.15
400,0.4,0.015,6,20,100,0.6651,0.006749478094301406,0.65149875,0.6781512499999998,4.35
400,0.4,0.0175,7,20,100,0.5193,0.004110236052107032,0.5113500000000001,0.52705,4.15
400,0.4,0.02,8,20,100,0.55875,0.00934479139749124,0.5408974999999999,0.5773049999999998,6.55
400,0.4,0.0225,9,20,100,0.49904999999999994,0.00458681410527652,0.49019999999999997,0.50780125,3.95
400,0.4,0.025,10,20,100,0.50855,0.008388392352687509,0.4919974999999999,0.5240037499999999,7.8
400,0.4,0.0275,11,20,100,0.4904999999999999,0.0038379418937495636,0.48275000000000007,0.49790000000000006,3.45
400,0.4,0.0281,11,20,100,0.48745,0.0044735445689185905,0.47870000000000007,0.4964025,3.6
400,0.4,0.03,12,20,100,0.4889,0.006760917097554148,0.47499874999999997,0.50190125,6.1
400,0.4,0.0325,13,20,100,0.48324999999999996,0.0044246640002548795,0.47464999999999996,0.49129999999999996,3.65
400,0.4,0.035,14,20,100,0.4832499999999999,0.006612039447596004,0.47014875,0.49515,6.2
400,0.4,0.0375,15,20,100,0.4768,0.00428264055239406,0.4684987499999999,0.4851,3.75
400,0.4,0.04,16,20,100,0.47835,0.006382605386137508,0.46564749999999994,0.49095374999999997,5.3
400,0.4,0.0425,17,20,100,0.47215,0.00424695672383666,0.46375000000000005,0.48020125000000013,3.6
400,0.4,0.045,18,20,100,0.46215000000000006,0.005992526911735883,0.45074875000000003,0.47354999999999997,5.35
400,0.4,0.0462,18,20,100,0.47075,0.0051822224279674915,0.46094874999999996,0.48119999999999996,5.35
400,0.4,0.0475,19,20,100,0.47004999999999997,0.004675584012568469,0.46004999999999996,0.47935,3.65
400,0.4,0.05,20,20,100,0.46475,0.005558856342664726,0.45369750000000003,0.47600124999999993,4.95
400,0.4,0.0525,21,20,100,0.4694499999999999,0.004700577548868787,0.46004500000000004,0.47785125000000006,3.7
400,0.4,0.055,22,20,100,0.46135,0.004917426751725526,0.45194499999999993,0.47085125,5.1
400,0.4,0.0575,23,20,100,0.4635,0.005115583243305882,0.45305000000000006,0.4737012500000001,3.65
400,0.4,0.06,24,20,100,0.45354999999999995,0.004973310077937342,0.44384875000000007,0.46330375,4.6
400,0.4,0.0625,25,20,100,0.46265000000000006,0.005118028641158349,0.4531,0.47210374999999993,3.95
400,0.4,0.0643,26,20,100,0.46419999999999995,0.005719327501613023,0.45344875000000007,0.47485125000000006,4.4
400,0.4,0.0657,26,20,100,0.45854999999999996,0.00508279679234998,0.4486,0.46815124999999996,5.1
400,0.4,0.0824,33,20,100,0.44685,0.004974000584859417,0.4373,0.45659999999999995,3.7
400,0.4,0.1004,40,20,100,0.4532500000000001,0.004457642965523463,0.4445000000000001,0.46235000000000004,4.05
400,0.4,0.1114,45,20,100,0.4517000000000001,0.004891871220750199,0.44254874999999994,0.46120125000000006,3.8
400,0.4,0.1185,47,20,100,0.43884999999999996,0.004492336347446155,0.43034874999999995,0.44765125,3.8
400,0.4,0.1366,55,20,100,0.4407,0.00466397108295348,0.43140000000000006,0.45000125,3.7
400,0.4,0.1547,62,20,100,0.45075,0.005030400008192613,0.44119875,0.46060125,3.7
400,0.4,0.1571,63,20,100,0.4451,0.004881411867296369,0.4353475,0.45435,3.55
400,0.4,0.1728,69,20,100,0.4446999999999999,0.004530380054073106,0.43610000000000004,0.4531,3.45
400,0.4,0.2029,81,20,100,0.4547,0.005053661538874063,0.44439999999999996,0.46464999999999995,3.75
400,0.4,0.2486,99,20,100,0.45339999999999997,0.004739091674465678,0.44434874999999996,0.4623999999999999,3.55
400,0.4,0.2943,118,20,100,0.4512,0.004372850121124458,0.4427487499999999,0.4595512500000001,3.5
400,0.4,0.34,136,20,100,0.43959999999999994,0.004315628165707336,0.43170000000000003,0.4484012499999999,3.25
400,0.5,0.0025,2,20,40,1.0,0.0,1.0,1.0,2.0
400,0.5,0.005,2,20,40,1.0,0.0,1.0,1.0,2.0
400,0.5,0.0075,3,20,60,1.0,0.0,1.0,1.0,2.0
400,0.5,0.01,4,20,80,0.883,0.01067522566684071,0.863303125,0.9046265625,2.15
400,0.5,0.0125,5,20,100,0.6086,0.005155207233095642,0.5988,0.6196,3.45
400,0.5,0.015,6,20,100,0.696,0.006440481191634519,0.68275,0.70820125,3.95
400,0.5,0.0175,7,20,100,0.57105,0.0038001162927447144,0.5632987500000001,0.5782512499999999,3.05
400,0.5,0.02,8,20,100,0.60075,0.007584665217703843,0.58644875,0.61565125,6.25
400,0.5,0.0225,9,20,100,0.5552000000000001,0.003649353062910982,0.54784875,0.56215125,3.2
400,0.5,0.025,10,20,100,0.56465,0.006042883367560505,0.55244875,0.5761525,6.55
400,0.5,0.0266,11,20,100,0.5488,0.0042361598771824575,0.54035,0.5567025,3.05
400,0.5,0.0275,11,20,100,0.5373500000000001,0.004647392556666326,0.5277475,0.546,3.05
400,0.5,0.03,12,20,100,0.53695,0.006306119762948247,0.52484875,0.5482499999999999,6.4
400,0.5,0.0325,13,20,100,0.5396,0.00415463718042985,0.5315500000000001,0.54800125,3.1
400,0.5,0.035,14,20,100,0.5415,0.005372723854448655,0.5307000000000001,0.55185,5.55
400,0.5,0.0375,15,20,100,0.52765,0.004324848920114803,0.51929875,0.5360499999999999,3.05
400,0.5,0.04,16,20,100,0.52945,0.005068169135283311,0.51979875,0.5390999999999999,5.35
400,0.5,0.0425,17,20,100,0.52985,0.004465612155034505,0.52139875,0.53900375,3.1
400,0.5,0.0431,17,20,100,0.5174,0.004116043996584363,0.5095000000000001,0.5251025000000001,3.2
400,0.5,0.045,18,20,100,0.5283000000000001,0.005531918402518353,0.5174474999999998,0.5389,5.0
400,0.5,0.0475,19,20,100,0.5252,0.004506403972978539,0.51639625,0.534,3.25
400,0.5,0.05,20,20,100,0.53035,0.004590424266829261,0.5210475,0.53935,4.8
400,0.5,0.0525,21,20,100,0.5324,0.003950757503123273,0.5246999999999999,0.5399999999999999,3.3
400,0.5,0.055,22,20,100,0.5201,0.005102475137151824,0.5102,0.530305,5.1
400,0.5,0.0575,23,20,100,0.5212,0.00431997942381931,0.5127,0.52955125,3.15
400,0.5,0.0597,24,20,100,0.5241,0.004544049277723981,0.5156487500000001,0.5329525,4.55
400,0.5,0.06,24,20,100,0.5185,0.005619455741286947,0.5074500000000001,0.52995125,4.65
400,0.5,0.0625,25,20,100,0.5173,0.0042737275854630085,0.5091487500000001,0.5254012499999999,3.35
400,0.5,0.0657,26,20,100,0.5234000000000001,0.004680650045504881,0.51444875,0.5325025,4.25
400,0.5,0.0762,30,20,100,0.52225,0.004617913626587905,0.51334875,0.53140125,4.1
400,0.5,0.0928,37,20,100,0.5056499999999999,0.0042726845581359425,0.49715000000000004,0.5140512499999998,3.4
400,0.5,0.1093,44,20,100,0.5222499999999999,0.004352739181692189,0.5142475,0.5303025,3.55
400,0.5,0.1114,45,20,100,0.5096000000000002,0.004085994803637609,0.5018,0.5181525,3.25
400,0.5,0.1259,50,20,100,0.51015,0.004267243687307849,0.5014500000000001,0.5183512499999999,3.5
400,0.5,0.1424,57,20,100,0.49985,0.005031945925581852,0.49010000000000004,0.50990125,3.4
400,0.5,0.1571,63,20,100,0.507,0.0039196474795109276,0.4995987499999999,0.5148499999999999,3.35
400,0.5,0.159,64,20,100,0.50255,0.004719128814482264,0.49279874999999995,0.51135125,3.5
400,0.5,0.2029,81,20,100,0.5011000000000001,0.0042826759311571936,0.49269999999999997,0.5091500000000001,3.2
400,0.5,0.2486,99,20,100,0.5098499999999998,0.0040392362264330735,0.5018975,0.5175012499999999,3.0
400,0.5,0.2943,118,20,100,0.4988,0.004672680108239744,0.48944875,0.50715,3.2
400,0.5,0.34,136,20,100,0.50985,0.004522365855312122,0.5007975,0.51840125,3.2
